ߖ,,Ǌx@inj,ǊԁEݏinj,s撬R[hinj,s{inj,s撬inj,ځinj,Ninj,inj,ꏊ,ꏊ̏ڍ,{֌W,Q̗L
ޓ,ԏ˂炢,,,082015,錧,ˎs,ؗt,2021-01-14,16,̑,ԁiցj,{,Ȃ
ޓ,ԏ˂炢,,,082015,錧,ˎs,q䒬,2021-01-11,18,ˌZ,ԁiցj,{,
ޓ,ԏ˂炢,,,082015,錧,ˎs,q䒬,2021-06-13,19,ˌZ,ԁiցj,{,Ȃ
ޓ,ԏ˂炢,,,082015,錧,ˎs,J],2021-10-21,08,ˌZ,ԁiցj,{,Ȃ
ޓ,ԏ˂炢,,,082015,錧,ˎs,J],2021-11-01,11,H,̑,{,
ޓ,ԏ˂炢,,,082015,錧,ˎs,,2021-07-17,07,H,̑,{,Ȃ
ޓ,ԏ˂炢,,,082015,錧,ˎs,蒬,2020-01-11,12,ˌZ,ԁiցj,{,Ȃ
ޓ,ԏ˂炢,,,082015,錧,ˎs,蒬,2021-01-02,04,ˌZ,ԁiցj,{,Ȃ
ޓ,ԏ˂炢,,,082015,錧,ˎs,,2021-01-23,18,ˌZ,ԁiցj,{,Ȃ
ޓ,ԏ˂炢,,,082015,錧,ˎs,O,2021-01-16,16,ˌZ,ԁiցj,{,Ȃ
ޓ,ԏ˂炢,,,082015,錧,ˎs,O,2021-01-16,17,ˌZ,ԁiցj,{,Ȃ
ޓ,ԏ˂炢,,,082015,錧,ˎs,Q,2021-11-30,19,̑,ԁiցj,{,Ȃ
ޓ,ԏ˂炢,,g,082015,錧,ˎs,},2021-03-09,21,̑,ԁiցj,{,Ȃ
ޓ,ԏ˂炢,,g,082015,錧,ˎs,g,2021-01-04,13,̑,ԁiցj,{,
ޓ,ԏ˂炢,,g,082015,錧,ˎs,g,2021-02-17,13,̑,ԁiցj,{,
ޓ,ԏ˂炢,,g,082015,錧,ˎs,g,2021-02-17,13,̑,ԁiցj,{,
ޓ,ԏ˂炢,,g,082015,錧,ˎs,g,2021-06-15,20,̑,ԁiցj,{,
ޓ,ԏ˂炢,,g,082015,錧,ˎs,g,2021-11-06,20,̑,ԁiցj,{,
ޓ,ԏ˂炢,,g,082015,錧,ˎs,g,2021-12-02,21,̑,ԁiցj,{,Ȃ
ޓ,ԏ˂炢,,g,082015,錧,ˎs,쒬,2021-07-02,18,ԁiցj,ԁiցj,{,Ȃ
ޓ,ԏ˂炢,,g,082015,錧,ˎs,쒬,2021-07-20,03,̑,ԁiցj,{,
ޓ,ԏ˂炢,,ot䒓ݏ,082015,錧,ˎs,otS,2021-12-09,02,ˌZ,ԁiցj,{,
ޓ,ԏ˂炢,,ot䒓ݏ,082015,錧,ˎs,otT,2021-12-08,22,̑̏ZiRKĈȉZj,ԁiցj,{,
ޓ,ԏ˂炢,,H,082015,錧,ˎs,򒬂R,2021-08-01,00,ԁiցj,ԁiցj,{,Ȃ
ޓ,ԏ˂炢,,n,083097,錧,,l,2021-03-16,11,̑,ԁiցj,{,
ޓ,ԏ˂炢,,n,083097,錧,,l,2021-03-17,22,̑,ԁiցj,{,
ޓ,ԏ˂炢,,n,083097,錧,,l,2021-06-26,22,̑,ԁiցj,{,
ޓ,ԏ˂炢,,n,083097,錧,,l,2021-08-20,13,̑,ԁiցj,{,
ޓ,ԏ˂炢,,n,083097,錧,,l,2021-10-15,11,̑,ԁiցj,{,
ޓ,ԏ˂炢,,n,083097,錧,,ђ,2021-04-13,14,ˌZ,ԁiցj,{,Ȃ
ޓ,ԏ˂炢,,n,083097,錧,,ђ,2021-06-10,05,̑,̑,{,
ޓ,ԏ˂炢,,n,083097,錧,,ђ,2021-06-18,12,̑,ԁiցj,{,
ޓ,ԏ˂炢,,n,083097,錧,,ђ,2021-06-28,03,̑,ԁiցj,{,Ȃ
ޓ,ԏ˂炢,,n,083097,錧,,ђ,2021-06-28,04,̑,ԁiցj,{,
ޓ,ԏ˂炢,,n,083097,錧,,ђ,2021-07-01,04,̑,ԁiցj,{,
ޓ,ԏ˂炢,,n,083097,錧,,ђ,2021-07-02,04,̑,ԁiցj,{,
ޓ,ԏ˂炢,,n,083097,錧,,ђ,2021-07-31,11,SKĈȏ㋤Z,ԁiցj,{,Ȃ
ޓ,ԏ˂炢,,n,083097,錧,,ђ,2021-11-18,08,̑,ԁiցj,{,
ޓ,ԏ˂炢,,L,082015,錧,ˎs,,2021-02-17,21,̑,ԁiցj,{,Ȃ
ޓ,ԏ˂炢,,L,082015,錧,ˎs,㐅˂Q,2021-06-27,21,̑,ԁiցj,{,Ȃ
ޓ,ԏ˂炢,,L,082015,錧,ˎs,ƂQ,2021-06-30,19,ˌZ,ԁiցj,{,
ޓ,ԏ˂炢,,L,082015,錧,ˎs,ђ˂P,2021-10-23,17,̑̏ZiRKĈȉZj,ԁiցj,{,
ޓ,ԏ˂炢,,L,082015,錧,ˎs,,2021-07-03,16,H,̑,{,Ȃ
ޓ,ԏ˂炢,,L,082015,錧,ˎs,x,2021-08-11,12,̑,ԁiցj,{,
ޓ,ԏ˂炢,,L,082015,錧,ˎs,x,2021-11-01,20,ԁiցj,ԁiցj,{,Ȃ
ޓ,ԏ˂炢,,L,082015,錧,ˎs,{,2021-06-27,19,̑,ԁiցj,{,Ȃ
ޓ,ԏ˂炢,,L,082015,錧,ˎs,n,2021-05-27,11,̑,ԁiցj,{,
ޓ,ԏ˂炢,,L,082015,錧,ˎs,n,2021-08-03,22,̑̏ZiRKĈȉZj,ԁiցj,{,
ޓ,ԏ˂炢,,L,082015,錧,ˎs,n,2021-11-01,07,̑̏ZiRKĈȉZj,ԁiցj,{,Ȃ
ޓ,ԏ˂炢,,L,082015,錧,ˎs,n,2021-11-01,18,̑̏ZiRKĈȉZj,ԁiցj,{,Ȃ
ޓ,ԏ˂炢,,L,082015,錧,ˎs,n,2021-11-01,19,̑̏ZiRKĈȉZj,ԁiցj,{,Ȃ
ޓ,ԏ˂炢,,,082015,錧,ˎs,铌R,2021-02-27,09,̑,ԁiցj,{,Ȃ
ޓ,ԏ˂炢,,,082015,錧,ˎs,铌R,2021-12-02,18,ԁiցj,ԁiցj,{,Ȃ
ޓ,ԏ˂炢,,ˉwk,082015,錧,ˎs,O̊ۂP,2021-12-28,11,̑,ԁiցj,{,Ȃ
ޓ,ԏ˂炢,,ˉw,082015,錧,ˎs,򒬂P,2021-03-09,19,̑,ԁiցj,{,
ޓ,ԏ˂炢,,ˉw,082015,錧,ˎs,򒬂P,2021-04-06,20,̑,ԁiցj,{,
ޓ,ԏ˂炢,,ˉw,082015,錧,ˎs,P,2020-12-25,23,̑,ԁiցj,{,Ȃ
ޓ,ԏ˂炢,,ˉw,082015,錧,ˎs,R,2021-03-11,03,̑,ԁiցj,{,Ȃ
ޓ,ԏ˂炢,,ˉw,082015,錧,ˎs,g,2021-12-14,14,H,̑,{,
ޓ,ԏ˂炢,,ˉw,082015,錧,ˎs,{P,2021-03-10,17,H,̑,{,Ȃ
ޓ,ԏ˂炢,,ˉw,082015,錧,ˎs,{P,2021-04-29,18,H,̑,{,Ȃ
ޓ,ԏ˂炢,,O,082015,錧,ˎs,},2021-01-06,22,ԁiցj,ԁiցj,{,Ȃ
ޓ,ԏ˂炢,,O,082015,錧,ˎs,},2021-04-22,08,H,̑,{,
ޓ,ԏ˂炢,,O,082015,錧,ˎs,},2021-08-30,17,ԁiցj,ԁiցj,{,Ȃ
ޓ,ԏ˂炢,,O,082015,錧,ˎs,},2021-10-29,17,̑,ԁiցj,{,Ȃ
ޓ,ԏ˂炢,,O,082015,錧,ˎs,},2021-12-25,07,ˌZ,ԁiցj,{,Ȃ
ޓ,ԏ˂炢,,O,082015,錧,ˎs,{,2021-01-20,07,̑̏ZiRKĈȉZj,ԁiցj,{,Ȃ
ޓ,ԏ˂炢,,O,082015,錧,ˎs,{,2021-02-09,04,ˌZ,ԁiցj,{,
ޓ,ԏ˂炢,,O,082015,錧,ˎs,{,2021-08-08,15,ˌZ,ԁiցj,{,Ȃ
ޓ,ԏ˂炢,,O,082015,錧,ˎs,{,2021-10-31,18,̑̏ZiRKĈȉZj,ԁiցj,{,Ȃ
ޓ,ԏ˂炢,,O,082015,錧,ˎs,g,2021-10-31,16,̑̏ZiRKĈȉZj,ԁiցj,{,
ޓ,ԏ˂炢,,O,082015,錧,ˎs,g,2021-11-01,00,̑̏ZiRKĈȉZj,ԁiցj,{,Ȃ
ޓ,ԏ˂炢,,ΐ쒬,082015,錧,ˎs,ΐQ,2021-12-08,21,SKĈȏ㋤Z,ԁiցj,{,Ȃ
ޓ,ԏ˂炢,,ΐ쒬,082015,錧,ˎs,Ԓ,2021-03-29,14,̑̏ZiRKĈȉZj,ԁiցj,{,
ޓ,ԏ˂炢,,ΐ쒬,082015,錧,ˎs,PqP,2021-08-12,20,̑̏ZiRKĈȉZj,ԁiցj,{,Ȃ
ޓ,ԏ˂炢,,ΐ쒬,082015,錧,ˎs,x,2021-05-27,19,ԁiցj,ԁiցj,{,Ȃ
ޓ,ԏ˂炢,,n,083020,錧,钬,厚J,2021-04-19,13,̑,ԁiցj,{,
ޓ,ԏ˂炢,,n,083020,錧,钬,厚΍,2021-07-15,13,H,̑,{,
ޓ,ԏ˂炢,,n,083020,錧,钬,厚ؕ,2021-01-10,17,ˌZ,ԁiցj,{,
ޓ,ԏ˂炢,,n,083020,錧,钬,厚,2021-06-26,17,ˌZ,ԁiցj,{,
ޓ,ԏ˂炢,,n,083020,錧,钬,厚,2021-01-02,11,̑,ԁiցj,{,
ޓ,ԏ˂炢,,n,083020,錧,钬,厚,2021-04-14,19,̑,ԁiցj,{,Ȃ
ޓ,ԏ˂炢,,n,083020,錧,钬,厚,2021-08-28,23,̑,ԁiցj,{,
ޓ,ԏ˂炢,,n,083020,錧,钬,厚],2021-07-06,12,̑,̑,{,Ȃ
ޓ,ԏ˂炢,,n,083020,錧,钬,厚I,2021-09-10,08,̑,̑,{,Ȃ
ޓ,ԏ˂炢,,,082015,錧,ˎs,͘ac,2021-07-22,07,H,̑,{,
ޓ,ԏ˂炢,,,082015,錧,ˎs,͘ac,2021-08-24,21,ˌZ,̑,{,Ȃ
ޓ,ԏ˂炢,,,082015,錧,ˎs,aQ,2021-05-26,18,̑,ԁiցj,{,
ޓ,ԏ˂炢,,ԒˉwO,082015,錧,ˎs,Ԓ˂P,2021-12-08,19,̑̏ZiRKĈȉZj,ԁiցj,{,Ȃ
ޓ,ԏ˂炢,,ԒˉwO,082015,錧,ˎs,Ԓ˂P,2021-12-08,22,ˌZ,ԁiցj,{,
ޓ,ԏ˂炢,,ԒˉwO,082015,錧,ˎs,Ԓ˂Q,2021-12-13,13,̑,ԁiցj,{,
ޓ,ԏ˂炢,,ԒˉwO,082015,錧,ˎs,˒,2021-12-08,19,̑̏ZiRKĈȉZj,ԁiցj,{,Ȃ
ޓ,ԏ˂炢,,ԒˉwO,082015,錧,ˎs,͘acR,2021-05-26,14,SKĈȏ㋤Z,ԁiցj,{,Ȃ
ޓ,ԏ˂炢,,ԒˉwO,082015,錧,ˎs,ے,2021-12-08,20,̑̏ZiRKĈȉZj,ԁiցj,{,Ȃ
ޓ,ԏ˂炢,,,082015,錧,ˎs,ΐ쒬,2021-02-05,14,H,̑,{,
ޓ,ԏ˂炢,,,082015,錧,ˎs,gc,2021-01-02,15,̑,ԁiցj,{,
ޓ,ԏ˂炢,,,082015,錧,ˎs,gc,2021-01-29,15,̑,ԁiցj,{,
ޓ,ԏ˂炢,,,082015,錧,ˎs,gc,2021-02-01,15,̑,ԁiցj,{,Ȃ
ޓ,ԏ˂炢,,,082015,錧,ˎs,gc,2021-02-01,17,̑,ԁiցj,{,Ȃ
ޓ,ԏ˂炢,,,082015,錧,ˎs,gc,2021-10-31,18,̑̏ZiRKĈȉZj,ԁiցj,{,
ޓ,ԏ˂炢,,,082015,錧,ˎs,₫R,2021-07-09,19,̑,ԁiցj,{,Ȃ
ޓ,ԏ˂炢,},ݏ,083101,錧,闢,厚ԑ,2021-10-14,19,ˌZ,ԁiցj,{,
ޓ,ԏ˂炢,},,082163,錧,}Ԏs,c,2021-01-23,20,ˌZ,ԁiցj,{,Ȃ
ޓ,ԏ˂炢,},쒓ݏ,083101,錧,闢,厚,2021-05-10,10,ˌZ,ԁiցj,{,
ޓ,ԏ˂炢,},kgݏ,082163,錧,}Ԏs,{,2021-05-01,00,ˌZ,ԁiցj,{,
ޓ,ԏ˂炢,},kgݏ,082163,錧,}Ԏs,{,2021-07-03,15,̑,ԁiցj,{,
ޓ,ԏ˂炢,},kgݏ,082163,錧,}Ԏs,{,2021-08-01,00,ˌZ,ԁiցj,{,Ȃ
ޓ,ԏ˂炢,},FwO,082163,錧,}Ԏs,,2021-12-01,19,̑̏ZiRKĈȉZj,ԁiցj,{,
ޓ,ԏ˂炢,},FwO,082163,錧,}Ԏs,,2021-12-01,19,̑̏ZiRKĈȉZj,ԁiցj,{,
ޓ,ԏ˂炢,},FwO,082163,錧,}Ԏs,,2021-12-01,19,̑̏ZiRKĈȉZj,ԁiցj,{,
ޓ,ԏ˂炢,},FwO,082163,錧,}Ԏs,,2021-12-01,19,ˌZ,ԁiցj,{,
ޓ,ԏ˂炢,},FwO,082163,錧,}Ԏs,,2021-12-01,19,ˌZ,ԁiցj,{,Ȃ
ޓ,ԏ˂炢,},FwO,082163,錧,}Ԏs,,2021-12-01,20,̑̏ZiRKĈȉZj,ԁiցj,{,Ȃ
ޓ,ԏ˂炢,},FwO,082163,錧,}Ԏs,,2021-12-01,21,̑̏ZiRKĈȉZj,ԁiցj,{,
ޓ,ԏ˂炢,},FwO,082163,錧,}Ԏs,,2021-12-02,02,̑̏ZiRKĈȉZj,ԁiցj,{,
ޓ,ԏ˂炢,},FwO,082163,錧,}Ԏs,,2021-02-22,02,ˌZ,ԁiցj,{,
ޓ,ԏ˂炢,},FwO,082163,錧,}Ԏs,,2021-06-09,20,̑,ԁiցj,{,Ȃ
ޓ,ԏ˂炢,},FwO,082163,錧,}Ԏs,F,2021-07-26,19,̑̏ZiRKĈȉZj,ԁiցj,{,Ȃ
ޓ,ԏ˂炢,},匴ݏ,082163,錧,}Ԏs,,2021-09-03,12,ˌZ,ԁiցj,{,
ޓ,ԏ˂炢,},ԉwO,082163,錧,}Ԏs,sJ,2021-03-20,12,ˌZ,ԁiցj,{,
ޓ,ԏ˂炢,},ԉwO,082163,錧,}Ԏs,,2021-08-11,05,H,̑,{,
ޓ,ԏ˂炢,},ԉwO,082163,錧,}Ԏs,,2021-07-17,07,̑̏ZiRKĈȉZj,ԁiցj,{,Ȃ
ޓ,ԏ˂炢,߉,,082261,錧,߉ώs,,2021-08-06,18,̑,ԁiցj,{,Ȃ
ޓ,ԏ˂炢,߉,,082261,錧,߉ώs,,2021-10-09,09,̑,̑,{,
ޓ,ԏ˂炢,߉,,082261,錧,߉ώs,,2021-11-12,21,̑,ԁiցj,{,
ޓ,ԏ˂炢,߉,,082261,錧,߉ώs,J,2021-01-21,08,̑,ԁiցj,{,
ޓ,ԏ˂炢,߉,,082261,錧,߉ώs,J,2021-05-01,09,H,̑,{,
ޓ,ԏ˂炢,߉,,082261,錧,߉ώs,J,2021-06-26,18,̑,ԁiցj,{,
ޓ,ԏ˂炢,߉,,082261,錧,߉ώs,J,2021-07-03,19,̑̏ZiRKĈȉZj,ԁiցj,{,
ޓ,ԏ˂炢,߉,,082261,錧,߉ώs,J,2021-07-08,07,̑,̑,{,
ޓ,ԏ˂炢,߉,,082261,錧,߉ώs,J,2021-08-07,09,̑,̑,{,
ޓ,ԏ˂炢,߉,,082261,錧,߉ώs,J,2021-09-12,16,̑,ԁiցj,{,Ȃ
ޓ,ԏ˂炢,߉,,082261,錧,߉ώs,J,2021-09-15,10,̑̏ZiRKĈȉZj,ԁiցj,{,
ޓ,ԏ˂炢,߉,,082261,錧,߉ώs,J,2021-09-22,20,̑̏ZiRKĈȉZj,ԁiցj,{,
ޓ,ԏ˂炢,߉,,082261,錧,߉ώs,J,2021-10-09,08,ˌZ,ԁiցj,{,
ޓ,ԏ˂炢,߉,,082261,錧,߉ώs,J,2021-12-10,13,̑,̑,{,Ȃ
ޓ,ԏ˂炢,߉,,082261,錧,߉ώs,,2021-01-19,09,̑,ԁiցj,{,Ȃ
ޓ,ԏ˂炢,߉,,082261,錧,߉ώs,Óc,2021-04-10,21,ˌZ,ԁiցj,{,Ȃ
ޓ,ԏ˂炢,߉,,082261,錧,߉ώs,|mP,2021-12-20,00,H,̑,{,
ޓ,ԏ˂炢,߉,,082261,錧,߉ώs,|mQ,2021-05-27,17,̑,ԁiցj,{,
ޓ,ԏ˂炢,߉,,082261,錧,߉ώs,|mQ,2021-07-21,08,̑,ԁiցj,{,
ޓ,ԏ˂炢,߉,ZAݏ,082261,錧,߉ώs,ZA,2021-01-03,18,H,̑,{,Ȃ
ޓ,ԏ˂炢,߉,ZAݏ,082261,錧,߉ώs,ZA,2021-09-26,12,̑,ԁiցj,{,
ޓ,ԏ˂炢,߉,ZAݏ,082261,錧,߉ώs,,2021-05-06,10,̑,ԁiցj,{,Ȃ
ޓ,ԏ˂炢,߉,ѓcݏ,082261,錧,߉ώs,,2021-03-19,10,̑,ԁiցj,{,
ޓ,ԏ˂炢,߉,ѓcݏ,082261,錧,߉ώs,,2021-10-20,19,̑,ԁiցj,{,Ȃ
ޓ,ԏ˂炢,{,x,082252,錧,헤{s,,2021-06-18,18,̑,ԁiցj,{,Ȃ
ޓ,ԏ˂炢,{,x,082252,錧,헤{s,k,2021-08-01,01,ˌZ,ԁiցj,{,Ȃ
ޓ,ԏ˂炢,{,x,082252,錧,헤{s,x,2021-09-04,18,̑̏ZiRKĈȉZj,ԁiցj,{,Ȃ
ޓ,ԏ˂炢,{,x,082252,錧,헤{s,{,2021-07-24,17,̑,ԁiցj,{,Ȃ
ޓ,ԏ˂炢,{,x,082252,錧,헤{s,O,2021-11-02,17,ˌZ,ԁiցj,{,
ޓ,ԏ˂炢,{,x,082252,錧,헤{s,O,2021-11-03,20,ˌZ,ԁiցj,{,Ȃ
ޓ,ԏ˂炢,,,082023,錧,s,쒬R,2021-03-27,11,̑,ԁiցj,{,
ޓ,ԏ˂炢,,,082023,錧,s,򒬂P,2021-11-02,21,SKĈȏ㋤Z,ԁiցj,{,Ȃ
ޓ,ԏ˂炢,,,082023,錧,s,򒬂Q,2021-11-02,19,̑̏ZiRKĈȉZj,ԁiցj,{,
ޓ,ԏ˂炢,,,082023,錧,s,򒬂Q,2021-11-02,23,̑̏ZiRKĈȉZj,ԁiցj,{,Ȃ
ޓ,ԏ˂炢,,v,082023,錧,s,,2021-03-12,07,̑,ԁiցj,{,
ޓ,ԏ˂炢,,\wO,082023,錧,s,܊},2021-08-02,05,ԁiցj,ԁiցj,{,
ޓ,ԏ˂炢,,wO,082023,錧,s,꒬P,2021-10-09,02,H,̑,{,
ޓ,ԏ˂炢,,wO,082023,錧,s,꒬P,2021-11-02,15,SKĈȏ㋤Z,ԁiցj,{,
ޓ,ԏ˂炢,,wO,082023,錧,s,_R,2021-08-03,08,ˌZ,ԁiցj,{,
ޓ,ԏ˂炢,,wO,082023,錧,s,_S,2021-07-17,08,H,̑,{,Ȃ
ޓ,ԏ˂炢,,jݏ,082147,錧,s,厚j,2021-09-20,11,̑,ԁiցj,{,
ޓ,ԏ˂炢,,錴wO,082155,錧,ks,w,2021-10-07,18,̑,ԁiցj,{,Ȃ
ޓ,ԏ˂炢,,wO,082147,錧,s,厚,2021-02-01,20,SKĈȏ㋤Z,ԁiցj,{,
ޓ,ԏ˂炢,,wO,082147,錧,s,lR,2021-08-02,05,̑,̑,{,
ޓ,ԏ˂炢,,wO,082147,錧,s,aS,2021-11-06,21,̑̏ZiRKĈȉZj,ԁiցj,{,
ޓ,ԏ˂炢,gc,|ݏ,082341,錧,gcs,|,2021-07-12,06,̑,ԁiցj,{,
ޓ,ԏ˂炢,gc,|ݏ,082341,錧,gcs,|,2021-07-31,10,̑,ԁiցj,{,
ޓ,ԏ˂炢,gc,呠ݏ,082341,錧,gcs,,2021-02-17,09,̑,ԁiցj,{,Ȃ
ޓ,ԏ˂炢,gc,呠ݏ,082341,錧,gcs,,2021-08-26,05,̑,̑,{,Ȃ
ޓ,ԏ˂炢,gc,呠ݏ,082341,錧,gcs,,2021-09-10,05,H,̑,{,Ȃ
ޓ,ԏ˂炢,gc,呠ݏ,082341,錧,gcs,,2021-09-21,08,H,̑,{,
ޓ,ԏ˂炢,gc,呠ݏ,082341,錧,gcs,,2021-10-14,08,̑,̑,{,
ޓ,ԏ˂炢,gc,呠ݏ,082341,錧,gcs,,2021-12-20,17,̑,̑,{,Ȃ
ޓ,ԏ˂炢,gc,呠ݏ,082341,錧,gcs,㔦,2021-08-26,05,H,̑,{,
ޓ,ԏ˂炢,gc,呠ݏ,082341,錧,gcs,㔦,2021-10-06,05,̑,̑,{,
ޓ,ԏ˂炢,gc,呠ݏ,082341,錧,gcs,,2021-07-23,09,̑,̑,{,
ޓ,ԏ˂炢,gc,呠ݏ,082341,錧,gcs,,2021-08-31,11,H,̑,{,
ޓ,ԏ˂炢,gc,呠ݏ,082341,錧,gcs,,2021-08-24,06,̑,̑,{,
ޓ,ԏ˂炢,gc,ݒn,082341,錧,gcs,[,2021-03-28,14,̑̏ZiRKĈȉZj,ԁiցj,{,
ޓ,ԏ˂炢,gc,ݒn,082341,錧,gcs,|c,2021-09-03,04,̑,ԁiցj,{,Ȃ
ޓ,ԏ˂炢,gc,ݒn,082341,錧,gcs,|c,2021-09-03,15,̑,ԁiցj,{,Ȃ
ޓ,ԏ˂炢,gc,ݒn,082341,錧,gcs,,2021-11-20,08,̑,̑,{,
ޓ,ԏ˂炢,gc,ݒn,082341,錧,gcs,F,2021-06-10,09,̑,̑,{,
ޓ,ԏ˂炢,gc,ݒn,082341,錧,gcs,gc,2021-03-28,17,ˌZ,ԁiցj,{,
ޓ,ԏ˂炢,gc,ݒn,082341,錧,gcs,gc,2021-07-29,13,̑̏ZiRKĈȉZj,ԁiցj,{,Ȃ
ޓ,ԏ˂炢,gc,ݒn,082341,錧,gcs,,2021-08-16,01,ˌZ,ԁiցj,{,Ȃ
ޓ,ԏ˂炢,gc,Mؒݏ,082341,錧,gcs,yc,2021-02-27,18,̑̏ZiRKĈȉZj,ԁiցj,{,
ޓ,ԏ˂炢,gc,Mؒݏ,082341,錧,gcs,J,2021-05-16,08,̑,̑,{,
ޓ,ԏ˂炢,gc,Mؒݏ,082341,錧,gcs,h,2021-02-22,09,̑,̑,{,
ޓ,ԏ˂炢,gc,rnݏ,082341,錧,gcs,㑾c,2021-04-26,17,H,̑,{,Ȃ
ޓ,ԏ˂炢,gc,rnݏ,082341,錧,gcs,c,2021-05-16,18,ˌZ,ԁiցj,{,
ޓ,ԏ˂炢,,{,082228,錧,s,厚,2021-06-27,13,̑,ԁiցj,{,
ޓ,ԏ˂炢,,{,082228,錧,s,厚,2021-07-07,17,̑,ԁiցj,{,Ȃ
ޓ,ԏ˂炢,,{,082228,錧,s,厚,2021-07-23,06,̑,̑,{,
ޓ,ԏ˂炢,,{,082228,錧,s,厚,2021-07-23,09,H,̑,{,
ޓ,ԏ˂炢,,{,082228,錧,s,厚,2021-08-10,14,̑,̑,{,
ޓ,ԏ˂炢,,{,082228,錧,s,厚,2021-10-15,19,̑,ԁiցj,{,
ޓ,ԏ˂炢,,{,082228,錧,s,厚,2021-12-08,19,ˌZ,ԁiցj,{,Ȃ
ޓ,ԏ˂炢,,{,082228,錧,s,厚,2021-07-11,06,̑,̑,{,Ȃ
ޓ,ԏ˂炢,,{,082228,錧,s,厚ؑ,2021-01-19,19,ˌZ,ԁiցj,{,Ȃ
ޓ,ԏ˂炢,,{,082228,錧,s,厚{,2021-10-15,18,̑,ԁiցj,{,
ޓ,ԏ˂炢,,{,082228,錧,s,{U,2021-04-06,07,̑,ԁiցj,{,
ޓ,ԏ˂炢,,{,082228,錧,s,厚,2021-06-26,11,̑,̑,{,
ޓ,ԏ˂炢,,{,082228,錧,s,厚,2021-07-06,03,̑,̑,{,Ȃ
ޓ,ԏ˂炢,,{,082228,錧,s,厚,2021-07-11,05,̑,̑,{,Ȃ
ޓ,ԏ˂炢,,{,082228,錧,s,厚,2021-07-12,09,̑,̑,{,
ޓ,ԏ˂炢,,{,082228,錧,s,厚,2021-07-20,11,H,̑,{,Ȃ
ޓ,ԏ˂炢,,{,082228,錧,s,厚,2021-09-21,07,H,̑,{,Ȃ
ޓ,ԏ˂炢,,{,082228,錧,s,厚,2021-10-23,10,̑,̑,{,
ޓ,ԏ˂炢,,{,082228,錧,s,厚,2021-12-08,22,ˌZ,ԁiցj,{,
ޓ,ԏ˂炢,,{,082228,錧,s,厚_,2021-06-26,12,H,̑,{,
ޓ,ԏ˂炢,,{,082228,錧,s,厚_,2021-07-06,03,H,̑,{,
ޓ,ԏ˂炢,,{,082228,錧,s,VP,2021-04-06,13,ˌZ,ԁiցj,{,
ޓ,ԏ˂炢,,{,082228,錧,s,厚c,2021-10-07,04,̑,ԁiցj,{,Ȃ
ޓ,ԏ˂炢,,{,082228,錧,s,厚,2021-07-04,05,H,̑,{,Ȃ
ޓ,ԏ˂炢,,{,082228,錧,s,厚`,2021-04-29,23,̑,ԁiցj,{,Ȃ
ޓ,ԏ˂炢,,{,082228,錧,s,厚,2021-06-26,05,H,̑,{,Ȃ
ޓ,ԏ˂炢,,{,082228,錧,s,厚,2021-07-01,07,H,̑,{,
ޓ,ԏ˂炢,,{,082228,錧,s,厚,2021-07-11,05,H,̑,{,Ȃ
ޓ,ԏ˂炢,,{,082228,錧,s,厚,2021-07-23,04,̑,ԁiցj,{,Ȃ
ޓ,ԏ˂炢,,{,082228,錧,s,厚,2021-12-18,12,̑̏ZiRKĈȉZj,ԁiցj,{,
ޓ,ԏ˂炢,,{,082228,錧,s,厚,2021-12-18,13,̑̏ZiRKĈȉZj,ԁiցj,{,
ޓ,ԏ˂炢,,{,082228,錧,s,厚,2021-12-18,23,̑̏ZiRKĈȉZj,ԁiցj,{,Ȃ
ޓ,ԏ˂炢,,{,082228,錧,s,`PuQ,2021-08-23,21,SKĈȏ㋤Z,ԁiցj,{,
ޓ,ԏ˂炢,,{,082228,錧,s,厚`Pu,2021-01-06,19,̑̏ZiRKĈȉZj,ԁiցj,{,
ޓ,ԏ˂炢,,{,082228,錧,s,~S,2021-10-27,07,̑,ԁiցj,{,Ȃ
ޓ,ԏ˂炢,,Rݏ,082228,錧,s,厚r,2021-07-17,06,H,̑,{,
ޓ,ԏ˂炢,,Rݏ,082228,錧,s,厚r,2021-07-20,10,ԁiցj,ԁiցj,{,
ޓ,ԏ˂炢,,Rݏ,082228,錧,s,厚R,2021-07-23,13,H,̑,{,Ȃ
ޓ,ԏ˂炢,,Rݏ,082228,錧,s,厚R,2021-09-09,05,̑,̑,{,
ޓ,ԏ˂炢,,Rݏ,082228,錧,s,厚R,2021-10-11,06,̑,̑,{,Ȃ
ޓ,ԏ˂炢,,Rݏ,082228,錧,s,厚R,2021-10-19,06,H,̑,{,Ȃ
ޓ,ԏ˂炢,,Rݏ,082228,錧,s,厚R,2021-10-24,12,̑,̑,{,
ޓ,ԏ˂炢,,r䒓ݏ,082228,錧,s,厚,2021-11-01,05,̑,̑,{,
ޓ,ԏ˂炢,,r䒓ݏ,082228,錧,s,厚r,2021-03-14,10,H,̑,{,
ޓ,ԏ˂炢,,r䒓ݏ,082228,錧,s,厚r,2021-10-19,05,̑,̑,{,Ȃ
ޓ,ԏ˂炢,,r䒓ݏ,082228,錧,s,厚召u,2021-03-06,16,̑,̑,{,
ޓ,ԏ˂炢,,r䒓ݏ,082228,錧,s,厚召u,2021-08-24,06,H,̑,{,
ޓ,ԏ˂炢,,r䒓ݏ,082228,錧,s,厚召u,2021-08-31,14,̑,̑,{,Ȃ
ޓ,ԏ˂炢,,r䒓ݏ,082228,錧,s,厚䊘,2021-05-03,13,̑,̑,{,
ޓ,ԏ˂炢,,r䒓ݏ,082228,錧,s,厚䊘,2021-11-14,14,̑,̑,{,Ȃ
ޓ,ԏ˂炢,,r䒓ݏ,082228,錧,s,厚p,2021-07-29,16,̑,̑,{,
ޓ,ԏ˂炢,,r䒓ݏ,082228,錧,s,厚p,2021-08-10,14,̑,̑,{,
ޓ,ԏ˂炢,,r䒓ݏ,082228,錧,s,厚p,2021-08-21,15,̑,̑,{,
ޓ,ԏ˂炢,,r䒓ݏ,082228,錧,s,厚p,2021-09-21,05,H,̑,{,
ޓ,ԏ˂炢,,r䒓ݏ,082228,錧,s,厚p,2021-10-14,07,̑,̑,{,
ޓ,ԏ˂炢,,r䒓ݏ,082228,錧,s,厚p,2021-10-23,11,H,̑,{,Ȃ
ޓ,ԏ˂炢,,r䒓ݏ,082228,錧,s,厚lÉ,2021-08-28,16,H,̑,{,Ȃ
ޓ,ԏ˂炢,,r䒓ݏ,082228,錧,s,厚lÉ,2021-11-01,05,̑,̑,{,Ȃ
ޓ,ԏ˂炢,s,kYݏ,082333,錧,ss,,2021-06-08,07,̑,̑,{,
ޓ,ԏ˂炢,s,kYݏ,082333,錧,ss,,2021-05-07,08,H,̑,{,
ޓ,ԏ˂炢,s,kYݏ,082333,錧,ss,,2021-07-24,07,H,̑,{,
ޓ,ԏ˂炢,s,kYݏ,082333,錧,ss,,2021-07-31,08,̑,̑,{,
ޓ,ԏ˂炢,s,kYݏ,082333,錧,ss,썂,2021-09-26,11,̑,̑,{,
ޓ,ԏ˂炢,s,kYݏ,082333,錧,ss,Rc,2021-03-28,13,H,̑,{,
ޓ,ԏ˂炢,s,kYݏ,082333,錧,ss,s,2021-07-24,00,ˌZ,ԁiցj,{,
ޓ,ԏ˂炢,s,kYݏ,082333,錧,ss,g,2021-08-01,20,ˌZ,ԁiցj,{,
ޓ,ԏ˂炢,s,kYݏ,082333,錧,ss,h,2021-02-07,19,ˌZ,ԁiցj,{,Ȃ
ޓ,ԏ˂炢,s,V{ݏ,082236,錧,s,{OP,2021-03-23,18,̑,ԁiցj,{,
ޓ,ԏ˂炢,s,n,082236,錧,s,,2021-01-20,19,H,̑,{,Ȃ
ޓ,ԏ˂炢,s,n,082236,錧,s,,2021-07-31,17,̑,ԁiցj,{,Ȃ
ޓ,ԏ˂炢,s,n,082236,錧,s,,2021-09-13,10,̑,̑,{,Ȃ
ޓ,ԏ˂炢,s,n,082236,錧,s,̏oP,2021-08-25,18,̑̏ZiRKĈȉZj,ԁiցj,{,
ޓ,ԏ˂炢,s,xݏ,082236,錧,s,x,2021-10-15,17,̑,ԁiցj,{,Ȃ
ޓ,ԏ˂炢,s,xݏ,082236,錧,s,{,2021-03-11,19,̑,ԁiցj,{,Ȃ
ޓ,ԏ˂炢,s,ʑݏ,082333,錧,ss,F,2021-08-26,15,̑,̑,{,
ޓ,ԏ˂炢,s,ʑݏ,082333,錧,ss,H,2021-09-17,08,̑,̑,{,
ޓ,ԏ˂炢,P,̂,082082,錧,Ps,,2021-09-16,18,ˌZ,ԁiցj,{,
ޓ,ԏ˂炢,P,̂,082082,錧,Ps,T,2021-11-10,13,̑,ԁiցj,{,
ޓ,ԏ˂炢,P,̂,082082,錧,Ps,mQ,2021-04-29,07,̑,̑,{,
ޓ,ԏ˂炢,P,̂,082082,錧,Ps,Q,2021-12-30,21,̑,ԁiցj,{,Ȃ
ޓ,ԏ˂炢,P,̂,082082,錧,Ps,Q,2021-12-30,21,̑,ԁiցj,{,Ȃ
ޓ,ԏ˂炢,P,̂,082082,錧,Ps,PuQ,2021-06-24,15,̑,ԁiցj,{,
ޓ,ԏ˂炢,P,̂,082082,錧,Ps,PuS,2021-05-08,20,̑̏ZiRKĈȉZj,ԁiցj,{,
ޓ,ԏ˂炢,P,ݒn,082082,錧,Ps,,2021-02-23,18,̑,ԁiցj,{,Ȃ
ޓ,ԏ˂炢,P,ݒn,082082,錧,Ps,哿,2021-09-28,21,ˌZ,ԁiցj,{,
ޓ,ԏ˂炢,P,ݒn,082082,錧,Ps,,2021-04-02,10,̑,̑,{,
ޓ,ԏ˂炢,P,ݒn,082082,錧,Ps,,2021-08-07,15,ˌZ,ԁiցj,{,
ޓ,ԏ˂炢,P,ݒn,082082,錧,Ps,,2021-11-12,18,ԁiցj,ԁiցj,{,Ȃ
ޓ,ԏ˂炢,P,cݏ,084476,錧,͓,I,2021-02-13,13,ˌZ,ԁiցj,{,
ޓ,ԏ˂炢,P,PswO,082082,錧,Ps,쌴㒬,2021-12-01,14,ˌZ,ԁiցj,{,
ޓ,ԏ˂炢,P,PswO,082082,錧,Ps,쌴㒬,2021-12-03,12,̑̏ZiRKĈȉZj,ԁiցj,{,Ȃ
ޓ,ԏ˂炢,P,PswO,082082,錧,Ps,ʍKJ,2021-12-03,20,H,̑,{,
ޓ,ԏ˂炢,P,PswO,082082,錧,Ps,ђ,2021-10-16,00,SKĈȏ㋤Z,ԁiցj,{,
ޓ,ԏ˂炢,P,PswO,082082,錧,Ps,qVc,2021-04-20,19,̑,ԁiցj,{,Ȃ
ޓ,ԏ˂炢,P,PswO,082082,錧,Ps,H,2021-06-11,17,H,̑,{,
ޓ,ԏ˂炢,P,PswO,082082,錧,Ps,Ē,2021-09-03,08,̑,ԁiցj,{,
ޓ,ԏ˂炢,P,PswO,082082,錧,Ps,Ē,2021-12-04,00,̑̏ZiRKĈȉZj,ԁiցj,{,
ޓ,ԏ˂炢,P,PswO,082082,錧,Ps,RS,2021-08-26,20,SKĈȏ㋤Z,ԁiցj,{,
ޓ,ԏ˂炢,P,PswO,082082,錧,Ps,R,2021-11-11,10,̑,ԁiցj,{,
ޓ,ԏ˂炢,~,ݒn,082295,錧,~s,]ˍ,2021-05-26,20,̑,ԁiցj,{,Ȃ
ޓ,ԏ˂炢,~,ݒn,082295,錧,~s,o,2021-01-16,18,ˌZ,ԁiցj,{,Ȃ
ޓ,ԏ˂炢,~,Vݏ,082295,錧,~s,㍪{,2021-01-08,22,̑,ԁiցj,{,Ȃ
ޓ,ԏ˂炢,~,ݏ,082295,錧,~s,,2021-05-06,16,H,̑,{,Ȃ
ޓ,ԏ˂炢,yY,cݏ,082309,錧,݂s,g,2021-01-16,20,̑̏ZiRKĈȉZj,ԁiցj,{,Ȃ
ޓ,ԏ˂炢,yY,cݏ,082309,錧,݂s,g,2021-01-17,13,̑̏ZiRKĈȉZj,ԁiցj,{,
ޓ,ԏ˂炢,yY,cݏ,082309,錧,݂s,g,2021-02-24,22,̑̏ZiRKĈȉZj,ԁiցj,{,Ȃ
ޓ,ԏ˂炢,yY,cݏ,082309,錧,݂s,g,2021-02-24,23,̑̏ZiRKĈȉZj,ԁiցj,{,Ȃ
ޓ,ԏ˂炢,yY,cݏ,082309,錧,݂s,g,2021-05-14,17,̑,ԁiցj,{,Ȃ
ޓ,ԏ˂炢,yY,cݏ,082309,錧,݂s,g,2021-06-26,01,̑̏ZiRKĈȉZj,ԁiցj,{,
ޓ,ԏ˂炢,yY,cݏ,082309,錧,݂s,g,2021-06-26,17,ˌZ,ԁiցj,{,Ȃ
ޓ,ԏ˂炢,yY,cݏ,082309,錧,݂s,g,2021-12-30,10,̑̏ZiRKĈȉZj,ԁiցj,{,
ޓ,ԏ˂炢,yY,yYwO,082031,錧,yYs,P,2021-05-05,22,̑̏ZiRKĈȉZj,ԁiցj,{,
ޓ,ԏ˂炢,yY,yYwO,082031,錧,yYs,P,2021-11-20,21,̑̏ZiRKĈȉZj,ԁiցj,{,
ޓ,ԏ˂炢,yY,yYwO,082031,錧,yYs,P,2021-01-09,01,H,̑,{,Ȃ
ޓ,ԏ˂炢,yY,yYwO,082031,錧,yYs,P,2021-03-09,21,̑,ԁiցj,{,
ޓ,ԏ˂炢,yY,yYwO,082031,錧,yYs,P,2021-07-22,16,ԁiցj,ԁiցj,{,Ȃ
ޓ,ԏ˂炢,yY,yYwO,082031,錧,yYs,P,2021-07-25,01,̑,ԁiցj,{,Ȃ
ޓ,ԏ˂炢,yY,yYwO,082031,錧,yYs,P,2021-09-24,19,ԁiցj,ԁiցj,{,Ȃ
ޓ,ԏ˂炢,yY,yYwO,082031,錧,yYs,Q,2021-03-16,20,ԁiցj,ԁiցj,{,Ȃ
ޓ,ԏ˂炢,yY,yYwO,082031,錧,yYs,R,2021-03-24,10,ԁiցj,ԁiցj,{,
ޓ,ԏ˂炢,yY,yYwO,082031,錧,yYs,@͌V,2021-10-06,15,̑,ԁiցj,{,
ޓ,ԏ˂炢,yY,yYwO,082031,錧,yYs,cP,2021-01-08,23,̑̏ZiRKĈȉZj,ԁiցj,{,
ޓ,ԏ˂炢,yY,,082031,錧,yYs,㍂,2021-03-21,00,̑,ԁiցj,{,Ȃ
ޓ,ԏ˂炢,yY,,082031,錧,yYs,㍂ÐV,2021-02-12,17,̑,ԁiցj,{,Ȃ
ޓ,ԏ˂炢,yY,,082031,錧,yYs,,2021-01-27,20,̑̏ZiRKĈȉZj,ԁiցj,{,Ȃ
ޓ,ԏ˂炢,yY,,082031,錧,yYs,,2021-09-29,22,̑̏ZiRKĈȉZj,ԁiցj,{,
ޓ,ԏ˂炢,yY,,082031,錧,yYs,ÂP,2021-11-23,10,̑,ԁiցj,{,
ޓ,ԏ˂炢,yY,,082031,錧,yYs,ÂS,2021-10-08,21,̑̏ZiRKĈȉZj,ԁiցj,{,
ޓ,ԏ˂炢,yY,,082031,錧,yYs,cQ,2021-03-14,13,̑̏ZiRKĈȉZj,ԁiցj,{,
ޓ,ԏ˂炢,yY,,082031,錧,yYs,ÂP,2021-12-12,02,̑̏ZiRKĈȉZj,ԁiցj,{,
ޓ,ԏ˂炢,yY,,082031,錧,yYs,i,2021-12-11,20,̑̏ZiRKĈȉZj,ԁiցj,{,
ޓ,ԏ˂炢,yY,,082031,錧,yYs,,2021-02-08,17,̑,ԁiցj,{,Ȃ
ޓ,ԏ˂炢,yY,Vsa,082031,錧,yYs,؂P,2021-06-07,13,H,̑,{,
ޓ,ԏ˂炢,yY,Vsa,082031,錧,yYs,؂T,2021-06-07,19,ˌZ,ԁiցj,{,Ȃ
ޓ,ԏ˂炢,yY,Vsa,082031,錧,yYs,؂T,2021-09-27,09,̑̏ZiRKĈȉZj,ԁiցj,{,
ޓ,ԏ˂炢,yY,Vsa,082031,錧,yYs,JU,2021-05-19,22,̑,ԁiցj,{,Ȃ
ޓ,ԏ˂炢,yY,Vsa,082031,錧,yYs,JU,2021-07-09,18,̑̏ZiRKĈȉZj,ԁiցj,{,
ޓ,ԏ˂炢,yY,Vsa,082031,錧,yYs,JU,2021-08-08,07,̑̏ZiRKĈȉZj,ԁiցj,{,Ȃ
ޓ,ԏ˂炢,yY,Vsa,082031,錧,yYs,JU,2021-11-04,19,̑̏ZiRKĈȉZj,ԁiցj,{,Ȃ
ޓ,ԏ˂炢,yY,Vsa,082031,錧,yYs,,2021-01-27,15,̑̏ZiRKĈȉZj,ԁiցj,{,
ޓ,ԏ˂炢,yY,Vsa,082031,錧,yYs,,2021-01-27,19,̑̏ZiRKĈȉZj,ԁiցj,{,
ޓ,ԏ˂炢,yY,Vsa,082031,錧,yYs,,2021-02-05,18,̑̏ZiRKĈȉZj,ԁiցj,{,Ȃ
ޓ,ԏ˂炢,yY,^璬,082031,錧,yYs,ؓc],2021-05-01,19,̑̏ZiRKĈȉZj,ԁiցj,{,Ȃ
ޓ,ԏ˂炢,yY,^璬,082031,錧,yYs,ؓc],2021-05-02,01,̑̏ZiRKĈȉZj,ԁiցj,{,
ޓ,ԏ˂炢,yY,^璬,082031,錧,yYs,^璬,2021-02-24,10,̑,ԁiցj,{,Ȃ
ޓ,ԏ˂炢,yY,^璬,082031,錧,yYs,^璬,2021-10-31,01,̑̏ZiRKĈȉZj,ԁiցj,{,
ޓ,ԏ˂炢,yY,^璬,082031,錧,yYs,^P,2021-09-10,21,̑,ԁiցj,{,
ޓ,ԏ˂炢,yY,^璬,082031,錧,yYs,^Q,2021-02-04,09,̑,ԁiցj,{,
ޓ,ԏ˂炢,yY,^璬,082031,錧,yYs,^V,2021-03-20,09,̑,ԁiցj,{,Ȃ
ޓ,ԏ˂炢,yY,^璬,082031,錧,yYs,^V,2021-06-24,11,̑,ԁiցj,{,Ȃ
ޓ,ԏ˂炢,yY,^璬,082031,錧,yYs,ؓc]S,2021-04-26,18,̑̏ZiRKĈȉZj,ԁiցj,{,
ޓ,ԏ˂炢,yY,^璬,082031,錧,yYs,ؓc]S,2021-04-26,21,̑̏ZiRKĈȉZj,ԁiցj,{,
ޓ,ԏ˂炢,yY,^璬,082031,錧,yYs,ؓc]S,2021-11-20,14,̑̏ZiRKĈȉZj,ԁiցj,{,
ޓ,ԏ˂炢,yY,^璬,082031,錧,yYs,ؓc]T,2021-04-26,21,̑̏ZiRKĈȉZj,ԁiցj,{,Ȃ
ޓ,ԏ˂炢,yY,^璬,082031,錧,yYs,ؓc],2021-11-04,19,̑̏ZiRKĈȉZj,ԁiցj,{,
ޓ,ԏ˂炢,yY,^璬,082031,錧,yYs,ؓc],2021-11-04,19,̑̏ZiRKĈȉZj,ԁiցj,{,Ȃ
ޓ,ԏ˂炢,yY,^璬,082031,錧,yYs,ؓc],2021-11-04,21,̑̏ZiRKĈȉZj,ԁiցj,{,Ȃ
ޓ,ԏ˂炢,yY,_,082031,錧,yYs,_,2021-11-20,19,̑̏ZiRKĈȉZj,ԁiցj,{,
ޓ,ԏ˂炢,yY,_,082031,錧,yYs,_,2021-07-23,22,̑̏ZiRKĈȉZj,ԁiցj,{,
ޓ,ԏ˂炢,yY,_,082031,錧,yYs,_,2021-10-06,11,̑,ԁiցj,{,Ȃ
ޓ,ԏ˂炢,yY,_,082031,錧,yYs,_R,2021-04-29,03,̑,ԁiցj,{,Ȃ
ޓ,ԏ˂炢,yY,_,082031,錧,yYs,_R,2021-08-29,11,̑̏ZiRKĈȉZj,ԁiցj,{,
ޓ,ԏ˂炢,yY,_,082031,錧,yYs,_S,2021-05-15,20,SKĈȏ㋤Z,ԁiցj,{,
ޓ,ԏ˂炢,yY,_,082031,錧,yYs,_T,2021-08-08,14,ˌZ,ԁiցj,{,
ޓ,ԏ˂炢,yY,_,082031,錧,yYs,_T,2021-09-27,18,̑,ԁiցj,{,Ȃ
ޓ,ԏ˂炢,yY,_,082031,錧,yYs,_P,2021-05-24,17,̑̏ZiRKĈȉZj,ԁiցj,{,Ȃ
ޓ,ԏ˂炢,yY,_,082031,錧,yYs,V,2021-05-05,10,̑̏ZiRKĈȉZj,ԁiցj,{,
ޓ,ԏ˂炢,yY,_,082309,錧,݂s,gQ,2021-02-24,19,̑̏ZiRKĈȉZj,ԁiցj,{,
ޓ,ԏ˂炢,yY,_,082309,錧,݂s,gQ,2021-03-09,23,̑̏ZiRKĈȉZj,ԁiցj,{,
ޓ,ԏ˂炢,yY,_,082309,錧,݂s,gQ,2021-08-18,17,ˌZ,ԁiցj,{,
ޓ,ԏ˂炢,yY,_,082309,錧,݂s,gQ,2021-09-16,00,̑̏ZiRKĈȉZj,ԁiցj,{,
ޓ,ԏ˂炢,yY,_,082309,錧,݂s,gQ,2021-10-08,21,̑̏ZiRKĈȉZj,ԁiցj,{,
ޓ,ԏ˂炢,yY,_,082309,錧,݂s,gT,2021-01-17,21,H,̑,{,
ޓ,ԏ˂炢,yY,_,082309,錧,݂s,gQ,2021-01-17,22,̑̏ZiRKĈȉZj,ԁiցj,{,
ޓ,ԏ˂炢,yY,_,082309,錧,݂s,,2021-01-10,12,ԁiցj,ԁiցj,{,Ȃ
ޓ,ԏ˂炢,yY,_,082309,錧,݂s,gP,2021-04-15,17,̑,ԁiցj,{,Ȃ
ޓ,ԏ˂炢,yY,_,082309,錧,݂s,gP,2021-05-14,18,̑̏ZiRKĈȉZj,ԁiցj,{,
ޓ,ԏ˂炢,yY,_,082309,錧,݂s,gP,2021-11-13,11,̑̏ZiRKĈȉZj,ԁiցj,{,
ޓ,ԏ˂炢,yY,_,082309,錧,݂s,gQ,2021-02-06,02,̑̏ZiRKĈȉZj,ԁiցj,{,
ޓ,ԏ˂炢,yY,_,082309,錧,݂s,g,2021-01-17,23,̑̏ZiRKĈȉZj,ԁiցj,{,
ޓ,ԏ˂炢,yY,_,082309,錧,݂s,g,2021-03-03,19,̑,ԁiցj,{,
ޓ,ԏ˂炢,yY,_,082309,錧,݂s,g,2021-03-15,18,̑,ԁiցj,{,Ȃ
ޓ,ԏ˂炢,yY,_,082309,錧,݂s,g,2021-10-08,22,̑̏ZiRKĈȉZj,ԁiցj,{,
ޓ,ԏ˂炢,yY,_,082309,錧,݂s,g,2021-11-14,15,̑,̑,{,
ޓ,ԏ˂炢,yY,_,082309,錧,݂s,g,2021-12-08,19,ˌZ,ԁiցj,{,
ޓ,ԏ˂炢,yY,r쉫,082031,錧,yYs,r쉫,2021-01-17,21,̑̏ZiRKĈȉZj,ԁiցj,{,
ޓ,ԏ˂炢,yY,r쉫,082031,錧,yYs,r쉫,2021-04-16,23,̑̏ZiRKĈȉZj,ԁiցj,{,
ޓ,ԏ˂炢,yY,r쉫,082031,錧,yYs,c,2021-05-24,19,SKĈȏ㋤Z,ԁiցj,{,Ȃ
ޓ,ԏ˂炢,yY,r쉫,082031,錧,yYs,,2021-01-30,18,ˌZ,ԁiցj,{,
ޓ,ԏ˂炢,yY,r쉫,082031,錧,yYs,,2021-04-16,22,̑̏ZiRKĈȉZj,ԁiցj,{,
ޓ,ԏ˂炢,yY,r쉫,082031,錧,yYs,˓P,2021-05-13,22,H,̑,{,
ޓ,ԏ˂炢,yY,r쉫,082031,錧,yYs,˓R,2021-05-13,19,̑̏ZiRKĈȉZj,ԁiցj,{,Ȃ
ޓ,ԏ˂炢,yY,r쉫,082031,錧,yYs,cP,2021-09-02,21,ˌZ,ԁiցj,{,Ȃ
ޓ,ԏ˂炢,yY,r쉫,082031,錧,yYs,Pu,2021-02-23,19,̑,ԁiցj,{,
ޓ,ԏ˂炢,yY,r쉫,082031,錧,yYs,Pu,2021-06-01,18,ԁiցj,ԁiցj,{,Ȃ
ޓ,ԏ˂炢,yY,r쉫,082031,錧,yYs,RVc,2021-02-23,17,̑,ԁiցj,{,
ޓ,ԏ˂炢,yY,r쉫,082031,錧,yYs,RVc,2021-12-29,21,̑̏ZiRKĈȉZj,ԁiցj,{,
ޓ,ԏ˂炢,yY,r쉫,082031,錧,yYs,E,2021-02-07,18,ˌZ,ԁiցj,{,
ޓ,ԏ˂炢,yY,r쉫,082031,錧,yYs,E,2021-02-09,17,̑,ԁiցj,{,Ȃ
ޓ,ԏ˂炢,yY,r쉫,082031,錧,yYs,E,2021-05-16,17,ˌZ,ԁiցj,{,Ȃ
ޓ,ԏ˂炢,yY,r쉫,082031,錧,yYs,E,2021-09-03,09,̑̏ZiRKĈȉZj,ԁiցj,{,
ޓ,ԏ˂炢,yY,r쉫,082031,錧,yYs,E,2021-09-18,12,ˌZ,ԁiցj,{,
ޓ,ԏ˂炢,yY,r쉫,082031,錧,yYs,kr쉫,2021-07-17,09,̑,ԁiցj,{,
ޓ,ԏ˂炢,yY,r쉫,082031,錧,yYs,kr쉫,2021-10-28,19,ˌZ,ԁiցj,{,
ޓ,ԏ˂炢,yY,r쉫,082031,錧,yYs,S,2021-04-23,21,̑̏ZiRKĈȉZj,ԁiցj,{,
ޓ,ԏ˂炢,yY,r쉫,082031,錧,yYs,S,2021-04-29,18,̑,ԁiցj,{,Ȃ
ޓ,ԏ˂炢,yY,r쉫,082031,錧,yYs,T,2021-06-29,16,̑̏ZiRKĈȉZj,ԁiցj,{,
ޓ,ԏ˂炢,yY,r쉫,082031,錧,yYs,P,2021-02-05,16,̑,ԁiցj,{,Ȃ
ޓ,ԏ˂炢,yY,r쉫,082031,錧,yYs,P,2021-09-26,22,ԁiցj,ԁiցj,{,
ޓ,ԏ˂炢,yY,r쉫,082031,錧,yYs,r쉫P,2021-04-23,17,̑,ԁiցj,{,
ޓ,ԏ˂炢,yY,r쉫,082031,錧,yYs,r쉫R,2021-04-10,06,̑̏ZiRKĈȉZj,ԁiցj,{,
ޓ,ԏ˂炢,yY,r쉫,082031,錧,yYs,r쉫,2021-10-14,08,̑,ԁiցj,{,Ȃ
ޓ,ԏ˂炢,yY,r쉫,082031,錧,yYs,GRS,2021-04-28,14,̑̏ZiRKĈȉZj,ԁiցj,{,Ȃ
ޓ,ԏ˂炢,yY,r쉫,082031,錧,yYs,GRS,2021-08-26,22,̑̏ZiRKĈȉZj,ԁiցj,{,
ޓ,ԏ˂炢,yY,r쉫,082031,錧,yYs,GRT,2021-05-05,15,̑̏ZiRKĈȉZj,ԁiցj,{,Ȃ
ޓ,ԏ˂炢,yY,r쉫,082031,錧,yYs,RcP,2021-04-16,21,̑̏ZiRKĈȉZj,ԁiցj,{,
ޓ,ԏ˂炢,Ή,n,082058,錧,Ήs,],2021-02-14,14,̑,̑,{,Ȃ
ޓ,ԏ˂炢,Ή,n,082058,錧,Ήs,,2020-10-20,11,̑,ԁiցj,{,Ȃ
ޓ,ԏ˂炢,Ή,n,082058,錧,Ήs,,2021-09-09,16,̑,ԁiցj,{,
ޓ,ԏ˂炢,Ή,n,082368,錧,ʎs,㍇,2021-09-10,21,ˌZ,ԁiցj,{,Ȃ
ޓ,ԏ˂炢,Ή,n,082368,錧,ʎs,c,2021-05-15,22,̑̏ZiRKĈȉZj,ԁiցj,{,
ޓ,ԏ˂炢,Ή,,082058,錧,Ήs,R,2021-07-01,18,ˌZ,ԁiցj,{,Ȃ
ޓ,ԏ˂炢,Ή,,082058,錧,Ήs,Ή,2021-05-17,20,̑̏ZiRKĈȉZj,ԁiցj,{,Ȃ
ޓ,ԏ˂炢,Ή,,082058,錧,Ήs,Ή,2021-07-02,01,ˌZ,ԁiցj,{,Ȃ
ޓ,ԏ˂炢,Ή,,082058,錧,Ήs,T,2021-06-10,19,̑̏ZiRKĈȉZj,ԁiցj,{,Ȃ
ޓ,ԏ˂炢,Ή,,082058,錧,Ήs,ΉQ,2021-02-06,18,̑,ԁiցj,{,
ޓ,ԏ˂炢,Ή,,082058,錧,Ήs,ΉS,2021-07-16,19,̑,ԁiցj,{,
ޓ,ԏ˂炢,Ή,,082058,錧,Ήs,勴,2021-03-06,11,̑,ԁiցj,{,Ȃ
ޓ,ԏ˂炢,Ή,,082058,錧,Ήs,,2021-03-03,16,̑,ԁiցj,{,Ȃ
ޓ,ԏ˂炢,Ή,ʗݏ,082368,錧,ʎs,ʗ,2020-12-30,16,H,̑,{,Ȃ
ޓ,ԏ˂炢,Ή,ΉwO,082058,錧,Ήs,,2021-10-06,23,̑,ԁiցj,{,
ޓ,ԏ˂炢,Ή,ΉwO,082058,錧,Ήs,{Q,2021-05-24,19,ԁiցj,ԁiցj,{,Ȃ
ޓ,ԏ˂炢,Ή,ΉwO,082058,錧,Ήs,{S,2021-01-02,10,ԁiցj,ԁiցj,{,Ȃ
ޓ,ԏ˂炢,Ή,ΉwO,082058,錧,Ήs,ᏼR,2021-05-17,20,̑̏ZiRKĈȉZj,ԁiցj,{,
ޓ,ԏ˂炢,Ή,ΉwO,082058,錧,Ήs,ᏼR,2021-05-17,21,̑̏ZiRKĈȉZj,ԁiցj,{,
ޓ,ԏ˂炢,Ή,ΉwO,082058,錧,Ήs,{P,2021-06-11,16,̑,ԁiցj,{,Ȃ
ޓ,ԏ˂炢,Ή,ΉwO,082058,錧,Ήs,,2020-03-19,17,̑,̑,{,Ȃ
ޓ,ԏ˂炢,Ή,ΉwO,082058,錧,Ήs,,2021-03-16,22,SKĈȏ㋤Z,ԁiցj,{,Ȃ
ޓ,ԏ˂炢,Ή,ΉwO,082058,錧,Ήs,,2021-07-08,20,ˌZ,ԁiցj,{,Ȃ
ޓ,ԏ˂炢,Ή,엢n,082368,錧,ʎs,[,2021-10-01,07,ˌZ,ԁiցj,{,Ȃ
ޓ,ԏ˂炢,Ή,엢n,082368,錧,ʎs,H,2021-07-29,12,̑,̑,{,Ȃ
ޓ,ԏ˂炢,Ή,`xho,082368,錧,ʎs,^,2021-10-21,06,̑,ԁiցj,{,
ޓ,ԏ˂炢,},ىwO,082279,錧,}s,s,2021-02-06,10,̑̏ZiRKĈȉZj,ԁiցj,{,Ȃ
ޓ,ԏ˂炢,},ىwO,082279,錧,}s,s,2021-02-06,19,̑̏ZiRKĈȉZj,ԁiցj,{,
ޓ,ԏ˂炢,},ىwO,082279,錧,}s,s,2021-02-06,19,̑̏ZiRKĈȉZj,ԁiցj,{,
ޓ,ԏ˂炢,},ىwO,082279,錧,}s,s,2021-02-06,22,̑̏ZiRKĈȉZj,ԁiցj,{,
ޓ,ԏ˂炢,},ىwO,082279,錧,}s,,2021-02-06,18,̑̏ZiRKĈȉZj,ԁiցj,{,Ȃ
ޓ,ԏ˂炢,},ىwO,082279,錧,}s,,2021-05-07,18,̑,̑,{,Ȃ
ޓ,ԏ˂炢,},ىwO,082279,錧,}s,,2021-06-25,17,̑,ԁiցj,{,Ȃ
ޓ,ԏ˂炢,},ىwO,082279,錧,}s,,2021-05-11,22,ˌZ,ԁiցj,{,
ޓ,ԏ˂炢,},ىwO,082279,錧,}s,b,2021-05-08,19,ԁiցj,ԁiցj,{,Ȃ
ޓ,ԏ˂炢,},ىwO,082279,錧,}s,b,2021-11-30,13,ˌZ,ԁiցj,{,
ޓ,ԏ˂炢,},ىwO,082279,錧,}s,R,2021-08-25,11,̑,ԁiցj,{,
ޓ,ԏ˂炢,},ىwO,082279,錧,}s,R,2021-02-06,19,̑̏ZiRKĈȉZj,ԁiցj,{,
ޓ,ԏ˂炢,},ىwO,082279,錧,}s,,2021-02-06,18,̑̏ZiRKĈȉZj,ԁiցj,{,Ȃ
ޓ,ԏ˂炢,},ىwO,082279,錧,}s,,2021-02-06,20,̑̏ZiRKĈȉZj,ԁiցj,{,
ޓ,ԏ˂炢,},ىwO,082279,錧,}s,,2021-02-07,00,̑̏ZiRKĈȉZj,ԁiցj,{,
ޓ,ԏ˂炢,},ىwO,082279,錧,}s,,2021-04-21,20,ˌZ,ԁiցj,{,
ޓ,ԏ˂炢,},ىwO,082279,錧,}s,c,2021-02-06,21,̑̏ZiRKĈȉZj,ԁiցj,{,
ޓ,ԏ˂炢,},ىwO,082279,錧,}s,ؐ,2021-01-26,15,ˌZ,ԁiցj,{,Ȃ
ޓ,ԏ˂炢,},ىwO,082279,錧,}s,c,2021-09-11,00,ˌZ,ԁiցj,{,
ޓ,ԏ˂炢,},ܖ{ݏ,082279,錧,}s,{c,2021-01-26,17,ˌZ,ԁiցj,{,
ޓ,ԏ˂炢,},ܖ{ݏ,082279,錧,}s,{c,2021-05-11,10,ˌZ,ԁiցj,{,Ȃ
ޓ,ԏ˂炢,},ܖ{ݏ,082279,錧,}s,c,2021-01-23,18,ˌZ,̑,{,
ޓ,ԏ˂炢,},Vݏ,082279,錧,}s,,2021-01-16,17,ˌZ,̑,{,Ȃ
ޓ,ԏ˂炢,},Vݏ,082279,錧,}s,,2021-02-13,19,̑̏ZiRKĈȉZj,ԁiցj,{,
ޓ,ԏ˂炢,},Vݏ,082279,錧,}s,,2021-02-13,20,̑̏ZiRKĈȉZj,ԁiցj,{,Ȃ
ޓ,ԏ˂炢,},Vݏ,082279,錧,}s,V,2021-02-13,17,̑̏ZiRKĈȉZj,ԁiցj,{,Ȃ
ޓ,ԏ˂炢,},Vݏ,082279,錧,}s,V,2021-08-17,16,ˌZ,ԁiցj,{,
ޓ,ԏ˂炢,},,082279,錧,}s,ԕl,2021-07-12,18,ˌZ,ԁiցj,{,
ޓ,ԏ˂炢,},,082279,錧,}s,R,2021-07-15,20,̑,̑,{,Ȃ
ޓ,ԏ˂炢,},,082279,錧,}s,c,2021-05-20,12,ˌZ,ԁiցj,{,Ȃ
ޓ,ԏ˂炢,},ʌˌ,082279,錧,}s,,2021-07-17,19,ˌZ,ԁiցj,{,Ȃ
ޓ,ԏ˂炢,},ʌˌ,082279,錧,}s,㕽,2021-07-17,20,ˌZ,̑,{,
ޓ,ԏ˂炢,},ʌˌ,082279,錧,}s,]A,2021-04-16,10,ˌZ,ԁiցj,{,Ȃ
ޓ,ԏ˂炢,},ʌˌ,082279,錧,}s,쓇,2021-12-03,12,̑,ԁiցj,{,Ȃ
ޓ,ԏ˂炢,},ʌˌ,082279,錧,}s,ʌ,2021-06-18,13,̑,ԁiցj,{,Ȃ
ޓ,ԏ˂炢,},ʌˌ,082279,錧,}s,ʌ,2021-06-28,14,̑,ԁiցj,{,Ȃ
ޓ,ԏ˂炢,},ʌˌ,082279,錧,}s,ʌ,2021-12-01,22,̑,ԁiցj,{,Ȃ
ޓ,ԏ˂炢,},PJݏ,082279,錧,}s,,2021-01-25,21,ˌZ,̑,{,
ޓ,ԏ˂炢,},PJݏ,082279,錧,}s,,2021-03-12,17,ˌZ,ԁiցj,{,Ȃ
ޓ,ԏ˂炢,},PJݏ,082279,錧,}s,֖{y,2021-12-04,18,ˌZ,ԁiցj,{,
ޓ,ԏ˂炢,},PJݏ,082279,錧,}s,֖{y,2021-12-04,19,ˌZ,ԁiցj,{,
ޓ,ԏ˂炢,},PJݏ,082279,錧,}s,֖{,2021-07-04,16,ˌZ,̑,{,Ȃ
ޓ,ԏ˂炢,},PJݏ,082279,錧,}s,֖{,2021-07-05,18,ˌZ,ԁiցj,{,
ޓ,ԏ˂炢,},PJݏ,082279,錧,}s,M,2021-09-20,06,̑,ԁiցj,{,
ޓ,ԏ˂炢,,Ȓݏ,082104,錧,Ȏs,],2021-01-27,18,ˌZ,ԁiցj,{,
ޓ,ԏ˂炢,,n,085219,錧,㒬,厚,2021-09-20,18,̑,ԁiցj,{,Ȃ
ޓ,ԏ˂炢,,n,085219,錧,㒬,厚J,2021-07-20,00,̑,ԁiցj,{,Ȃ
ޓ,ԏ˂炢,,n,085219,錧,㒬,厚J,2021-09-21,12,ˌZ,ԁiցj,{,Ȃ
ޓ,ԏ˂炢,,n,085219,錧,㒬,厚J,2021-11-15,17,̑,ԁiցj,{,Ȃ
ޓ,ԏ˂炢,,n,085219,錧,㒬,厚R,2021-06-04,19,ˌZ,ԁiցj,{,
ޓ,ԏ˂炢,,ݒn,082104,錧,Ȏs,{,2021-04-07,02,̑,ԁiցj,{,Ȃ
ޓ,ԏ˂炢,,ݒn,082104,錧,Ȏs,{Vc,2021-11-08,19,̑̏ZiRKĈȉZj,ԁiցj,{,
ޓ,ԏ˂炢,,ݒn,082104,錧,Ȏs,,2021-02-12,16,̑,ԁiցj,{,Ȃ
ޓ,ԏ˂炢,,ݒn,082104,錧,Ȏs,,2021-04-25,00,̑̏ZiRKĈȉZj,ԁiցj,{,
ޓ,ԏ˂炢,,ݒn,082104,錧,Ȏs,,2021-06-28,21,ԁiցj,ԁiցj,{,Ȃ
ޓ,ԏ˂炢,,ݒn,082104,錧,Ȏs,,2021-07-18,12,̑,ԁiցj,{,Ȃ
ޓ,ԏ˂炢,,ݒn,082104,錧,Ȏs,,2021-08-27,08,̑,ԁiցj,{,Ȃ
ޓ,ԏ˂炢,,ݒn,082104,錧,Ȏs,Ñ,2021-12-10,17,̑,ԁiցj,{,
ޓ,ԏ˂炢,,ݒn,082104,錧,Ȏs,xU,2021-03-27,15,̑,ԁiցj,{,Ȃ
ޓ,ԏ˂炢,,ݒn,082104,錧,Ȏs,xU,2021-06-13,09,̑,ԁiցj,{,
ޓ,ԏ˂炢,,ݒn,082104,錧,Ȏs,ȕ,2021-02-28,08,̑,ԁiցj,{,
ޓ,ԏ˂炢,,ݒn,082104,錧,Ȏs,ȕ,2021-04-24,21,̑̏ZiRKĈȉZj,ԁiցj,{,Ȃ
ޓ,ԏ˂炢,,ݒn,082104,錧,Ȏs,ȕ,2021-04-25,10,̑,ԁiցj,{,Ȃ
ޓ,ԏ˂炢,,␣,082317,錧,s,Q,2021-01-21,18,̑,ԁiցj,{,Ȃ
ޓ,ԏ˂炢,,␣,082317,錧,s,c,2021-03-15,13,̑,ԁiցj,{,Ȃ
ޓ,ԏ˂炢,,␣,082317,錧,s,␣,2021-08-17,22,̑,ԁiցj,{,Ȃ
ޓ,ԏ˂炢,,␣,082317,錧,s,,2021-03-03,16,̑,ԁiցj,{,Ȃ
ޓ,ԏ˂炢,,␣,082317,錧,s,R,2021-02-13,19,ˌZ,ԁiցj,{,
ޓ,ԏ˂炢,,␣,082317,錧,s,xmP,2021-02-12,20,̑̏ZiRKĈȉZj,ԁiցj,{,Ȃ
ޓ,ԏ˂炢,,␣,082317,錧,s,xmP,2021-02-13,19,̑̏ZiRKĈȉZj,ԁiցj,{,
ޓ,ԏ˂炢,,ݒn,082317,錧,s,^ǒђ,2021-02-13,18,̑̏ZiRKĈȉZj,ԁiցj,{,Ȃ
ޓ,ԏ˂炢,,ݒn,082317,錧,s,^ǒђ,2021-02-13,19,̑̏ZiRKĈȉZj,ԁiցj,{,Ȃ
ޓ,ԏ˂炢,,Jݏ,082317,錧,s,卑,2021-08-01,14,ˌZ,̑,{,Ȃ
ޓ,ԏ˂炢,,Jݏ,082317,錧,s,X,2021-07-31,16,̑,̑,{,Ȃ
ޓ,ԏ˂炢,,{ݏ,082074,錧,s,厚ΘC,2021-04-19,16,ˌZ,ԁiցj,{,
ޓ,ԏ˂炢,,咬,082074,錧,s,厚c,2021-03-08,18,ˌZ,ԁiցj,{,
ޓ,ԏ˂炢,,咬,082074,錧,s,厚c,2021-05-26,18,ˌZ,ԁiցj,{,Ȃ
ޓ,ԏ˂炢,,咬,082074,錧,s,厚c,2021-12-20,15,ˌZ,ԁiցj,{,
ޓ,ԏ˂炢,,咬,082074,錧,s,厚,2021-03-01,00,ˌZ,ԁiցj,{,
ޓ,ԏ˂炢,,咬,082074,錧,s,厚,2021-04-24,22,̑̏ZiRKĈȉZj,ԁiցj,{,Ȃ
ޓ,ԏ˂炢,,咬,082074,錧,s,厚,2021-07-04,15,̑,ԁiցj,{,Ȃ
ޓ,ԏ˂炢,,咬,082074,錧,s,厚,2021-09-09,12,̑̏ZiRKĈȉZj,ԁiցj,{,Ȃ
ޓ,ԏ˂炢,,咬,082074,錧,s,厚,2021-09-23,08,̑̏ZiRKĈȉZj,ԁiցj,{,Ȃ
ޓ,ԏ˂炢,,咬,082074,錧,s,厚,2021-10-12,18,ˌZ,ԁiցj,{,Ȃ
ޓ,ԏ˂炢,,咬,082074,錧,s,厚,2021-02-04,18,ˌZ,ԁiցj,{,Ȃ
ޓ,ԏ˂炢,,咬,082074,錧,s,厚,2021-08-04,00,ˌZ,ԁiցj,{,
ޓ,ԏ˂炢,,咬,082074,錧,s,VQ,2021-10-30,06,̑,ԁiցj,{,Ȃ
ޓ,ԏ˂炢,,咬,082074,錧,s,VR,2021-12-30,19,̑,ԁiցj,{,
ޓ,ԏ˂炢,,咬,082074,錧,s,菼R,2021-12-30,17,̑,ԁiցj,{,
ޓ,ԏ˂炢,,咬,082074,錧,s,菼U,2021-08-30,20,̑,ԁiցj,{,
ޓ,ԏ˂炢,,䒓ݏ,082074,錧,s,厚,2021-01-18,16,ˌZ,ԁiցj,{,
ޓ,ԏ˂炢,,䒓ݏ,082074,錧,s,厚,2021-02-23,19,ˌZ,ԁiցj,{,
ޓ,ԏ˂炢,푍,݂炢wO,082350,錧,΂݂炢s,c,2021-09-11,19,̑,ԁiցj,{,Ȃ
ޓ,ԏ˂炢,푍,݂炢wO,082350,錧,΂݂炢s,􃖋uP,2021-01-29,18,̑̏ZiRKĈȉZj,ԁiցj,{,
ޓ,ԏ˂炢,푍,݂炢wO,082350,錧,΂݂炢s,􃖋uP,2021-12-29,16,SKĈȏ㋤Z,ԁiցj,{,
ޓ,ԏ˂炢,푍,݂炢wO,082350,錧,΂݂炢s,􃖋uS,2021-12-29,18,̑̏ZiRKĈȉZj,ԁiցj,{,Ȃ
ޓ,ԏ˂炢,푍,݂炢wO,082350,錧,΂݂炢s,􃖋uT,2021-12-29,19,ˌZ,ԁiցj,{,
ޓ,ԏ˂炢,푍,݂炢wO,082350,錧,΂݂炢s,xmuP,2021-12-29,20,̑̏ZiRKĈȉZj,ԁiցj,{,
ޓ,ԏ˂炢,푍,݂炢wO,082350,錧,΂݂炢s,xmuR,2021-12-29,23,̑̏ZiRKĈȉZj,ԁiցj,{,Ȃ
ޓ,ԏ˂炢,푍,݂炢wO,082350,錧,΂݂炢s,zS,2021-12-29,20,̑̏ZiRKĈȉZj,ԁiցj,{,
ޓ,ԏ˂炢,푍,OȒݏ,082112,錧,푍s,O⒬,2021-06-07,09,̑,̑,{,Ȃ
ޓ,ԏ˂炢,푍,Jݏ,082112,錧,푍s,J,2021-10-27,12,ˌZ,ԁiցj,{,Ȃ
ޓ,ԏ˂炢,푍,Jݏ,082112,錧,푍s,Jʂ̗P,2021-04-02,19,H,̑,{,Ȃ
ޓ,ԏ˂炢,푍,Jݏ,082112,錧,푍s,Jʂ̗R,2021-11-26,20,̑̏ZiRKĈȉZj,ԁiցj,{,
ޓ,ԏ˂炢,푍,cݏ,082112,錧,푍s,R,2021-03-11,19,̑,ԁiցj,{,Ȃ
ޓ,ԏ˂炢,푍,cݏ,082112,錧,푍s,[,2021-12-17,17,̑,̑,{,Ȃ
ޓ,ԏ˂炢,푍,cݏ,082112,錧,푍s,Ή,2021-08-26,19,̑,̑,{,Ȃ
ޓ,ԏ˂炢,푍,ݒn,082112,錧,푍s,Vؒ,2020-12-28,17,̑,ԁiցj,{,Ȃ
ޓ,ԏ˂炢,푍,ݒn,082112,錧,푍s,C,2021-12-04,16,̑,ԁiցj,{,
ޓ,ԏ˂炢,푍,ݒn,082112,錧,푍s,C,2021-05-13,23,̑̏ZiRKĈȉZj,ԁiցj,{,
ޓ,ԏ˂炢,푍,ݒn,082112,錧,푍s,CRc,2021-06-17,20,̑,ԁiցj,{,
ޓ,ԏ˂炢,푍,ݒn,082112,錧,푍s,CRc,2021-09-24,19,̑,ԁiցj,{,Ȃ
ޓ,ԏ˂炢,푍,Ήn,082112,錧,푍s,VΉ,2021-09-29,21,̑̏ZiRKĈȉZj,ԁiցj,{,
ޓ,ԏ˂炢,푍,Ήn,082112,錧,푍s,VΉ,2021-09-29,21,̑̏ZiRKĈȉZj,ԁiցj,{,Ȃ
ޓ,ԏ˂炢,푍,Ήn,082112,錧,푍s,VΉ,2021-09-29,23,̑̏ZiRKĈȉZj,ԁiցj,{,
ޓ,ԏ˂炢,푍,Ήn,082112,錧,푍s,VΉ,2021-10-17,16,̑,ԁiցj,{,Ȃ
ޓ,ԏ˂炢,푍,Ήn,082112,錧,푍s,[,2021-09-29,18,̑̏ZiRKĈȉZj,ԁiցj,{,Ȃ
ޓ,ԏ˂炢,푍,Ήn,082112,錧,푍s,쌴,2021-09-29,20,̑̏ZiRKĈȉZj,ԁiցj,{,
ޓ,ԏ˂炢,푍,Ήn,082112,錧,푍s,{Ή,2021-02-28,16,̑,ԁiցj,{,
ޓ,ԏ˂炢,푍,Ήn,082112,錧,푍s,{Ή,2021-06-23,17,̑,ԁiցj,{,Ȃ
ޓ,ԏ˂炢,푍,Ήn,082112,錧,푍s,{,2021-07-22,20,̑,̑,{,Ȃ
ޓ,ԏ˂炢,푍,̑䒓ݏ,082350,錧,΂݂炢s,̑T,2021-10-14,17,ԁiցj,ԁiցj,{,Ȃ
ޓ,ԏ˂炢,푍,̑䒓ݏ,082350,錧,΂݂炢s,̑U,2021-04-11,20,ˌZ,ԁiցj,{,Ȃ
ޓ,ԏ˂炢,푍,̑䒓ݏ,082350,錧,΂݂炢s,,2021-04-16,12,̑,̑,{,Ȃ
ޓ,ԏ˂炢,푍,̑䒓ݏ,082350,錧,΂݂炢s,,2021-12-18,16,̑,̑,{,Ȃ
ޓ,ԏ˂炢,푍,Lݏ,082112,錧,푍s,吶,2020-12-29,18,ˌZ,ԁiցj,{,
ޓ,ԏ˂炢,É,Oa,082040,錧,É͎s,Гc,2021-01-05,16,ˌZ,ԁiցj,{,Ȃ
ޓ,ԏ˂炢,É,Oa,082040,錧,É͎s,,2021-02-25,18,̑,ԁiցj,{,
ޓ,ԏ˂炢,É,Oa,082040,錧,É͎s,,2021-03-15,19,̑,ԁiցj,{,
ޓ,ԏ˂炢,É,Oa,082040,錧,É͎s,,2021-05-16,15,̑,ԁiցj,{,Ȃ
ޓ,ԏ˂炢,É,R,082040,錧,É͎s,Q,2021-03-15,19,̑,ԁiցj,{,
ޓ,ԏ˂炢,É,R,082040,錧,É͎s,Β,2021-01-02,18,ˌZ,ԁiցj,{,Ȃ
ޓ,ԏ˂炢,É,R,082040,錧,É͎s,Β,2021-06-21,09,ˌZ,ԁiցj,{,Ȃ
ޓ,ԏ˂炢,É,R,082040,錧,É͎s,Β,2021-12-09,07,ˌZ,ԁiցj,{,
ޓ,ԏ˂炢,É,R,082040,錧,É͎s,쒬,2021-03-07,23,̑̏ZiRKĈȉZj,ԁiցj,{,
ޓ,ԏ˂炢,É,R,082040,錧,É͎s,d,2021-03-01,17,̑,ԁiցj,{,
ޓ,ԏ˂炢,É,R,082040,錧,É͎s,ӌ,2021-07-23,16,̑̏ZiRKĈȉZj,ԁiցj,{,Ȃ
ޓ,ԏ˂炢,É,R,082040,錧,É͎s,ӌ,2021-10-20,22,̑̏ZiRKĈȉZj,ԁiցj,{,Ȃ
ޓ,ԏ˂炢,É,É͉wO,082040,錧,É͎s,Ò,2021-05-11,22,ԁiցj,ԁiցj,{,
ޓ,ԏ˂炢,É,É͉wO,082040,錧,É͎s,Ւ,2021-08-11,19,ˌZ,ԁiցj,{,
ޓ,ԏ˂炢,É,É͉wO,082040,錧,É͎s,{R,2021-11-29,12,ԁiցj,ԁiցj,{,Ȃ
ޓ,ԏ˂炢,É,É͉wO,082040,錧,É͎s,{O,2021-07-04,19,ˌZ,ԁiցj,{,Ȃ
ޓ,ԏ˂炢,É,É͉wO,082040,錧,É͎s,RR,2021-08-26,18,̑,ԁiցj,{,Ȃ
ޓ,ԏ˂炢,É,H,082040,錧,É͎s,镔,2021-08-02,10,ˌZ,̑,{,
ޓ,ԏ˂炢,É,H,082040,錧,É͎s,,2021-09-09,21,ˌZ,ԁiցj,{,
ޓ,ԏ˂炢,É,H,082040,錧,É͎s,,2021-01-31,05,ˌZ,ԁiցj,{,
ޓ,ԏ˂炢,É,H,082040,錧,É͎s,v\,2021-10-01,00,̑,ԁiցj,{,Ȃ
ޓ,ԏ˂炢,É,H,082040,錧,É͎s,J,2021-09-02,16,̑,ԁiցj,{,Ȃ
ޓ,ԏ˂炢,É,H,082040,錧,É͎s,O,2021-07-22,00,ˌZ,ԁiցj,{,Ȃ
ޓ,ԏ˂炢,É,H,082040,錧,É͎s,C,2021-04-06,17,̑̏ZiRKĈȉZj,ԁiցj,{,Ȃ
ޓ,ԏ˂炢,É,H,082040,錧,É͎s,C,2021-05-08,20,̑̏ZiRKĈȉZj,ԁiցj,{,Ȃ
ޓ,ԏ˂炢,É,,082040,錧,É͎s,Vvc,2021-09-21,08,̑,ԁiցj,{,Ȃ
ޓ,ԏ˂炢,É,,082040,錧,É͎s,K,2021-08-16,01,ˌZ,ԁiցj,{,Ȃ
ޓ,ԏ˂炢,É,,082040,錧,É͎s,,2021-01-13,19,̑,ԁiցj,{,
ޓ,ԏ˂炢,,cݏ,085421,錧,܉,,2021-10-28,06,̑,ԁiցj,{,
ޓ,ԏ˂炢,,cݏ,085421,錧,܉,厚c,2021-02-26,19,ˌZ,ԁiցj,{,
ޓ,ԏ˂炢,,cݏ,085421,錧,܉,厚c,2021-07-30,19,ˌZ,ԁiցj,{,
ޓ,ԏ˂炢,,n,082287,錧,Ⓦs,,2021-06-03,16,̑,ԁiցj,{,Ȃ
ޓ,ԏ˂炢,,n,082287,錧,Ⓦs,,2021-10-06,17,̑,ԁiցj,{,Ȃ
ޓ,ԏ˂炢,,n,082287,錧,Ⓦs,,2021-12-11,12,̑̏ZiRKĈȉZj,ԁiցj,{,Ȃ
ޓ,ԏ˂炢,,n,082287,錧,Ⓦs,,2021-12-13,01,̑̏ZiRKĈȉZj,ԁiցj,{,Ȃ
ޓ,ԏ˂炢,,n,082287,錧,Ⓦs,R,2021-09-27,22,ˌZ,ԁiցj,{,
ޓ,ԏ˂炢,,n,082287,錧,Ⓦs,ӓc,2021-05-01,14,̑,ԁiցj,{,Ȃ
ޓ,ԏ˂炢,,n,082287,錧,Ⓦs,ӓc,2021-12-10,22,ˌZ,ԁiցj,{,Ȃ
ޓ,ԏ˂炢,,n,082287,錧,Ⓦs,ӓc,2021-12-12,21,̑̏ZiRKĈȉZj,ԁiցj,{,Ȃ
ޓ,ԏ˂炢,,n,082287,錧,Ⓦs,䭑,2021-03-07,10,H,̑,{,
ޓ,ԏ˂炢,,ݒn,085464,錧,,,2021-07-23,12,̑̏ZiRKĈȉZj,ԁiցj,{,Ȃ
ޓ,ԏ˂炢,,ݒn,085464,錧,,,2021-07-25,00,̑̏ZiRKĈȉZj,ԁiցj,{,
ޓ,ԏ˂炢,,ݒn,085464,錧,,厚u,2021-07-24,16,̑,̑,{,Ȃ
ޓ,ԏ˂炢,,ݒn,085464,錧,,厚ˍ,2021-02-11,07,̑,ԁiցj,{,
ޓ,ԏ˂炢,,ݒn,085464,錧,,厚,2021-03-26,14,̑,ԁiցj,{,Ȃ
ޓ,ԏ˂炢,,ݒn,085464,錧,,厚,2021-07-24,22,̑̏ZiRKĈȉZj,ԁiցj,{,
ޓ,ԏ˂炢,,ݒn,085464,錧,,zQ,2021-07-24,21,̑̏ZiRKĈȉZj,ԁiցj,{,
ޓ,ԏ˂炢,,ݒn,085464,錧,,,2021-03-26,12,̑,ԁiցj,{,Ȃ
ޓ,ԏ˂炢,,ݒn,085464,錧,,,2021-05-07,17,̑̏ZiRKĈȉZj,ԁiցj,{,
ޓ,ԏ˂炢,,ݒn,085464,錧,,,2021-05-14,07,̑,ԁiցj,{,
ޓ,ԏ˂炢,,ݒn,085464,錧,,,2021-06-14,11,̑,ԁiցj,{,Ȃ
ޓ,ԏ˂炢,,ݒn,085464,錧,,,2021-07-24,17,̑̏ZiRKĈȉZj,ԁiցj,{,
ޓ,ԏ˂炢,,ݒn,085464,錧,,,2021-07-25,20,̑̏ZiRKĈȉZj,ԁiցj,{,Ȃ
ޓ,ԏ˂炢,,B|ݏ,082287,錧,Ⓦs,B|,2021-02-25,15,̑,ԁiցj,{,Ȃ
ޓ,ԏ˂炢,,Lݏ,082287,錧,Ⓦs,,2021-05-06,10,ˌZ,ԁiցj,{,Ȃ
ޓ,ԏ˂炢,,쒓ݏ,082287,錧,Ⓦs,,2021-10-29,12,̑,ԁiցj,{,
ޓ,ԏ˂炢,,ѓݏ,082287,錧,Ⓦs,|c,2021-12-03,20,̑,̑,{,Ȃ
ޓ,ԏ˂炢,,vۃu,082244,錧,Js,vۃPuP,2021-10-14,17,ԁiցj,ԁiցj,{,Ȃ
ޓ,ԏ˂炢,,vۃu,082244,錧,Js,vۃPuQ,2021-03-27,19,̑,ԁiցj,{,Ȃ
ޓ,ԏ˂炢,,vۃu,082244,錧,Js,,2021-01-13,18,̑,ԁiցj,{,
ޓ,ԏ˂炢,,n,085642,錧,,厚],2021-08-27,18,ˌZ,̑,{,Ȃ
ޓ,ԏ˂炢,,n,085642,錧,,厚yVc,2021-09-28,19,ˌZ,ԁiցj,{,
ޓ,ԏ˂炢,,n,085642,錧,,厚,2021-05-21,18,ˌZ,ԁiցj,{,
ޓ,ԏ˂炢,,n,085642,錧,,厚z,2021-04-18,13,ˌZ,ԁiցj,{,
ޓ,ԏ˂炢,,n,085642,錧,,厚z,2021-04-30,19,H,̑,{,Ȃ
ޓ,ԏ˂炢,,n,085642,錧,,R,2021-01-22,20,H,̑,{,
ޓ,ԏ˂炢,,J,082244,錧,Js,₫S,2021-11-15,11,̑,ԁiցj,{,Ȃ
ޓ,ԏ˂炢,,J,082244,錧,Js,₫U,2021-02-25,18,̑̏ZiRKĈȉZj,ԁiցj,{,Ȃ
ޓ,ԏ˂炢,,wO,082171,錧,s,,2021-03-22,12,̑,ԁiցj,{,Ȃ
ޓ,ԏ˂炢,,wO,082171,錧,s,,2021-12-02,13,̑̏ZiRKĈȉZj,ԁiցj,{,Ȃ
ޓ,ԏ˂炢,,wO,082171,錧,s,Q,2021-12-02,20,̑̏ZiRKĈȉZj,ԁiցj,{,
ޓ,ԏ˂炢,,wO,082171,錧,s,cn,2021-03-03,23,SKĈȏ㋤Z,ԁiցj,{,
ޓ,ԏ˂炢,,wO,082171,錧,s,cn,2021-03-18,21,ԁiցj,ԁiցj,{,
ޓ,ԏ˂炢,,wO,082171,錧,s,Q,2021-03-16,04,̑,ԁiցj,{,Ȃ
ޓ,ԏ˂炢,,wO,082171,錧,s,R,2021-05-15,12,H,̑,{,
ޓ,ԏ˂炢,,wO,082171,錧,s,R,2021-10-19,21,̑̏ZiRKĈȉZj,ԁiցj,{,
ޓ,ԏ˂炢,,wO,082171,錧,s,R,2021-12-02,16,̑̏ZiRKĈȉZj,ԁiցj,{,
ޓ,ԏ˂炢,,wO,082171,錧,s,U,2021-04-16,13,ˌZ,ԁiցj,{,Ȃ
ޓ,ԏ˂炢,,wO,082171,錧,s,gc,2021-12-02,22,̑̏ZiRKĈȉZj,ԁiցj,{,
ޓ,ԏ˂炢,,Jn,082244,錧,Js,唐,2021-02-12,16,ԁiցj,ԁiցj,{,Ȃ
ޓ,ԏ˂炢,,Jn,082244,錧,Js,{,2021-06-30,09,ˌZ,ԁiցj,{,
ޓ,ԏ˂炢,,Jn,082244,錧,Js,{,2021-11-26,19,̑̏ZiRKĈȉZj,ԁiցj,{,
ޓ,ԏ˂炢,,Jn,082244,錧,Js,PuQ,2021-12-18,14,̑̏ZiRKĈȉZj,ԁiցj,{,
ޓ,ԏ˂炢,,Jn,082244,錧,Js,PuU,2021-12-19,09,̑̏ZiRKĈȉZj,ԁiցj,{,Ȃ
ޓ,ԏ˂炢,,Jn,082244,錧,Js,PuV,2021-12-18,19,ˌZ,ԁiցj,{,Ȃ
ޓ,ԏ˂炢,,Jn,082244,錧,Js,S,2021-06-19,13,ԁiցj,ԁiցj,{,Ȃ
ޓ,ԏ˂炢,,Jn,082244,錧,Js,S,2021-07-02,05,̑,ԁiցj,{,Ȃ
ޓ,ԏ˂炢,,Jn,082244,錧,Js,tP,2021-02-10,17,SKĈȏ㋤Z,ԁiցj,{,Ȃ
ޓ,ԏ˂炢,,Ԓݏ,082171,錧,s,,2021-01-20,01,ˌZ,ԁiցj,{,Ȃ
ޓ,ԏ˂炢,,˓,082171,錧,s,ăm,2021-04-02,19,̑̏ZiRKĈȉZj,ԁiցj,{,
ޓ,ԏ˂炢,,˓,082171,錧,s,˓,2021-11-16,10,̑,ԁiցj,{,Ȃ
ޓ,ԏ˂炢,,˓,082171,錧,s,˓R,2021-04-29,09,ˌZ,ԁiցj,{,
ޓ,ԏ˂炢,,R,082171,錧,s,Q,2021-01-19,20,ԁiցj,ԁiցj,{,
ޓ,ԏ˂炢,,R,082171,錧,s,c,2021-05-28,19,̑̏ZiRKĈȉZj,ԁiցj,{,
ޓ,ԏ˂炢,,R,082171,錧,s,c,2021-11-11,19,̑,ԁiցj,{,
ޓ,ԏ˂炢,v,Ђ,082198,錧,vs,c,2021-03-09,03,̑,ԁiցj,{,
ޓ,ԏ˂炢,v,Ђ,082198,錧,vs,q,2021-04-18,20,̑̏ZiRKĈȉZj,ԁiցj,{,
ޓ,ԏ˂炢,v,Ђ,082198,錧,vs,Ђ쐼R,2021-06-25,11,̑̏ZiRKĈȉZj,ԁiցj,{,
ޓ,ԏ˂炢,v,Ђ,082198,錧,vs,Ђ쓌P,2021-01-30,02,̑̏ZiRKĈȉZj,ԁiցj,{,
ޓ,ԏ˂炢,v,Ђ,082198,錧,vs,Ђ쓌Q,2021-02-23,18,̑,ԁiցj,{,
ޓ,ԏ˂炢,v,Ђ,084433,錧,,R,2021-05-23,21,̑̏ZiRKĈȉZj,ԁiցj,{,
ޓ,ԏ˂炢,v,Ђ,084433,錧,,S,2021-05-24,18,̑̏ZiRKĈȉZj,ԁiցj,{,
ޓ,ԏ˂炢,v,Ђ,084433,錧,,S,2021-05-25,00,̑̏ZiRKĈȉZj,ԁiցj,{,
ޓ,ԏ˂炢,v,Ђ,084433,錧,,{Q,2021-05-23,17,̑̏ZiRKĈȉZj,ԁiցj,{,
ޓ,ԏ˂炢,v,Ђ,084433,錧,,{Q,2021-05-24,17,̑̏ZiRKĈȉZj,ԁiցj,{,
ޓ,ԏ˂炢,v,Ђ,084433,錧,,{R,2021-05-24,20,̑̏ZiRKĈȉZj,ԁiցj,{,Ȃ
ޓ,ԏ˂炢,v,h,082198,錧,vs,,2021-11-16,19,̑,ԁiցj,{,
ޓ,ԏ˂炢,v,h,082198,錧,vs,hS,2021-10-22,14,̑,ԁiցj,{,
ޓ,ԏ˂炢,v,h,082198,錧,vs,㔐cS,2021-09-11,15,̑,ԁiցj,{,
ޓ,ԏ˂炢,v,h,082198,錧,vs,P,2021-03-15,18,̑̏ZiRKĈȉZj,ԁiցj,{,
ޓ,ԏ˂炢,v,h,082198,錧,vs,P,2021-04-26,17,SKĈȏ㋤Z,ԁiցj,{,
ޓ,ԏ˂炢,v,vwO,082198,錧,vs,v,2021-01-27,12,̑,ԁiցj,{,Ȃ
ޓ,ԏ˂炢,v,vwO,082198,錧,vs,v,2021-03-15,20,̑̏ZiRKĈȉZj,ԁiցj,{,
ޓ,ԏ˂炢,v,vwO,082198,錧,vs,v,2021-06-10,18,̑,ԁiցj,{,Ȃ
ޓ,ԏ˂炢,v,vwO,082198,錧,vs,JQ,2021-03-15,19,̑̏ZiRKĈȉZj,ԁiցj,{,Ȃ
ޓ,ԏ˂炢,v,vwO,082198,錧,vs,c{,2021-04-20,17,ˌZ,ԁiցj,{,Ȃ
ޓ,ԏ˂炢,v,vwO,082198,錧,vs,R,2021-06-04,16,̑,̑,{,Ȃ
ޓ,ԏ˂炢,v,vwO,082198,錧,vs,P,2021-01-20,14,̑,ԁiցj,{,Ȃ
ޓ,ԏ˂炢,v,vwO,082198,錧,vs,R,2021-11-05,18,̑̏ZiRKĈȉZj,ԁiցj,{,
ޓ,ԏ˂炢,v,vwO,082198,錧,vs,R,2021-12-22,18,ˌZ,ԁiցj,{,
ޓ,ԏ˂炢,v,vwO,082198,錧,vs,T,2021-05-24,12,ˌZ,ԁiցj,{,
ޓ,ԏ˂炢,v,n,084433,錧,,厚,2020-07-01,00,ˌZ,ԁiցj,{,Ȃ
ޓ,ԏ˂炢,v,n,084433,錧,,厚,2021-04-16,14,ˌZ,ԁiցj,{,
ޓ,ԏ˂炢,v,n,084433,錧,,厚,2021-04-17,19,̑̏ZiRKĈȉZj,ԁiցj,{,
ޓ,ԏ˂炢,v,n,084433,錧,,厚,2021-04-10,19,̑̏ZiRKĈȉZj,ԁiցj,{,Ȃ
ޓ,ԏ˂炢,v,n,084433,錧,,厚,2021-09-04,00,̑̏ZiRKĈȉZj,ԁiցj,{,
ޓ,ԏ˂炢,v,n,084433,錧,,厚,2021-09-27,14,ˌZ,ԁiցj,{,
ޓ,ԏ˂炢,v,n,084433,錧,,R,2021-04-10,23,̑̏ZiRKĈȉZj,̑,{,
ޓ,ԏ˂炢,v,n,084433,錧,,S,2021-12-26,10,̑,ԁiցj,{,Ȃ
ޓ,ԏ˂炢,v,n,084433,錧,,T,2021-04-09,17,̑̏ZiRKĈȉZj,ԁiցj,{,Ȃ
ޓ,ԏ˂炢,v,n,084433,錧,,T,2021-05-02,03,̑̏ZiRKĈȉZj,ԁiցj,{,
ޓ,ԏ˂炢,v,n,084433,錧,,P,2021-10-11,19,̑̏ZiRKĈȉZj,ԁiցj,{,
ޓ,ԏ˂炢,v,n,084433,錧,,Q,2021-04-10,22,̑̏ZiRKĈȉZj,ԁiցj,{,
ޓ,ԏ˂炢,v,n,084433,錧,,Q,2021-04-10,22,̑̏ZiRKĈȉZj,ԁiցj,{,
ޓ,ԏ˂炢,ЂȂ,a,082210,錧,ЂȂs,厚c,2021-09-13,00,ˌZ,ԁiցj,{,
ޓ,ԏ˂炢,ЂȂ,a,082210,錧,ЂȂs,厚,2021-08-01,08,̑,ԁiցj,{,
ޓ,ԏ˂炢,ЂȂ,a,082210,錧,ЂȂs,юRP,2021-04-07,19,̑̏ZiRKĈȉZj,ԁiցj,{,
ޓ,ԏ˂炢,ЂȂ,cwO,082210,錧,ЂȂs,ΐ쒬,2021-04-27,09,ԁiցj,ԁiցj,{,
ޓ,ԏ˂炢,ЂȂ,cwO,082210,錧,ЂȂs,ΐ쒬,2021-05-30,15,̑,̑,{,Ȃ
ޓ,ԏ˂炢,ЂȂ,cwO,082210,錧,ЂȂs,哇R,2021-03-20,21,H,̑,{,
ޓ,ԏ˂炢,ЂȂ,sь,082210,錧,ЂȂs,厚s,2020-06-22,20,̑,ԁiցj,{,
ޓ,ԏ˂炢,ЂȂ,sь,082210,錧,ЂȂs,厚s,2021-12-11,18,̑,ԁiցj,{,Ȃ
ޓ,ԏ˂炢,ЂȂ,sь,082210,錧,ЂȂs,厚Óc,2021-03-24,17,ˌZ,ԁiցj,{,Ȃ
ޓ,ԏ˂炢,ЂȂ,sь,082210,錧,ЂȂs,厚Óc,2021-06-26,09,̑,ԁiցj,{,
ޓ,ԏ˂炢,ЂȂ,钓ݏ,082210,錧,ЂȂs,钬,2021-09-17,18,ԁiցj,ԁiցj,{,
ޓ,ԏ˂炢,ЂȂ,Cn,083411,錧,C,厚,2021-07-20,15,̑,ԁiցj,{,Ȃ
ޓ,ԏ˂炢,ЂȂ,Cn,083411,錧,C,厚D,2021-08-05,07,̑,ԁiցj,{,Ȃ
ޓ,ԏ˂炢,ЂȂ,Cn,083411,錧,C,厚,2021-08-02,09,̑,ԁiցj,{,
ޓ,ԏ˂炢,ЂȂ,Cn,083411,錧,C,MΐwP,2021-03-05,07,H,̑,{,Ȃ
ޓ,ԏ˂炢,ЂȂ,Cn,083411,錧,C,MΐwQ,2021-04-26,10,̑,ԁiցj,{,
ޓ,ԏ˂炢,ЂȂ,Cn,083411,錧,C,MΐwP,2021-07-28,10,H,̑,{,
ޓ,ԏ˂炢,ЂȂ,߉ϖx@Z^[ݒn,082210,錧,ЂȂs,߉ޒ,2021-11-05,09,ԁiցj,ԁiցj,{,Ȃ
ޓ,ԏ˂炢,ЂȂ,߉ϖx@Z^[ݒn,082210,錧,ЂȂs,DE,2021-05-22,19,̑,ԁiցj,{,Ȃ
ޓ,ԏ˂炢,ЂȂ,߉ϖx@Z^[ݒn,082210,錧,ЂȂs,V,2021-03-28,04,̑,̑,{,
ޓ,ԏ˂炢,ЂȂ,߉ϖx@Z^[ݒn,082210,錧,ЂȂs,V,2021-04-23,16,̑,ԁiցj,{,
ޓ,ԏ˂炢,ЂȂ,߉ϖx@Z^[ݒn,082210,錧,ЂȂs,V,2021-05-07,21,̑,ԁiցj,{,Ȃ
ޓ,ԏ˂炢,ЂȂ,Yݏ,082210,錧,ЂȂs,PY,2021-10-18,05,H,̑,{,
ޓ,ԏ˂炢,ЂȂ,nn,082210,錧,ЂȂs,厚nn,2021-12-04,23,ˌZ,ԁiցj,{,Ȃ
ޓ,ԏ˂炢,_,yn,082325,錧,_s,cVQ,2021-01-12,20,ˌZ,ԁiցj,{,
ޓ,ԏ˂炢,_,yn,082325,錧,_s,{c,2021-09-06,12,H,̑,{,
ޓ,ԏ˂炢,_,yn,082325,錧,_s,{c,2021-11-02,10,H,̑,{,Ȃ
ޓ,ԏ˂炢,_,yn,082325,錧,_s,y{T,2021-12-18,16,̑̏ZiRKĈȉZj,ԁiցj,{,Ȃ
ޓ,ԏ˂炢,_,yn,082325,錧,_s,c,2021-08-18,09,H,̑,{,Ȃ
ޓ,ԏ˂炢,_,yn,082325,錧,_s,c,2021-09-17,13,̑,̑,{,Ȃ
ޓ,ԏ˂炢,_,yn,082325,錧,_s,c,2021-10-22,00,ԁiցj,ԁiցj,{,Ȃ
ޓ,ԏ˂炢,_,yn,082325,錧,_s,c,2021-10-24,05,H,̑,{,Ȃ
ޓ,ԏ˂炢,_,yn,082325,錧,_s,c,2021-10-25,14,H,̑,{,Ȃ
ޓ,ԏ˂炢,_,yn,082325,錧,_s,c,2021-10-25,14,ԁiցj,ԁiցj,{,Ȃ
ޓ,ԏ˂炢,_,yn,082325,錧,_s,,2021-10-24,05,H,̑,{,Ȃ
ޓ,ԏ˂炢,_,yn,082325,錧,_s,,2021-12-18,16,̑̏ZiRKĈȉZj,̑,{,Ȃ
ޓ,ԏ˂炢,_,yn,082325,錧,_s,,2021-12-19,02,̑̏ZiRKĈȉZj,ԁiցj,{,Ȃ
ޓ,ԏ˂炢,_,g,082325,錧,_s,g,2021-05-30,10,̑,ԁiցj,{,
ޓ,ԏ˂炢,_,g,082325,錧,_s,g,2021-06-08,15,H,̑,{,Ȃ
ޓ,ԏ˂炢,_,g,082325,錧,_s,g,2021-07-08,05,̑,̑,{,
ޓ,ԏ˂炢,_,g,082325,錧,_s,g,2021-07-24,13,̑,ԁiցj,{,
ޓ,ԏ˂炢,_,g,082325,錧,_s,g,2021-08-18,10,̑,̑,{,Ȃ
ޓ,ԏ˂炢,_,g,082325,錧,_s,g,2021-10-09,05,H,̑,{,
ޓ,ԏ˂炢,_,ml,082325,錧,_s,m,2021-12-18,22,̑̏ZiRKĈȉZj,ԁiցj,{,Ȃ
ޓ,ԏ˂炢,_,ml,082325,錧,_s,m蒆P,2021-07-19,18,̑,ԁiցj,{,Ȃ
ޓ,ԏ˂炢,_,ml,082325,錧,_s,m蒆R,2021-06-24,21,ˌZ,ԁiցj,{,
ޓ,ԏ˂炢,_,ml,082325,錧,_s,m蒆R,2021-12-18,21,̑̏ZiRKĈȉZj,ԁiցj,{,
ޓ,ԏ˂炢,_,ml,082325,錧,_s,ac,2021-03-19,08,̑,ԁiցj,{,
ޓ,ԏ˂炢,_,ml,082325,錧,_s,,2021-06-29,11,̑̏ZiRKĈȉZj,ԁiցj,{,Ȃ
ޓ,ԏ˂炢,_,ml,082325,錧,_s,,2021-07-01,05,̑,ԁiցj,{,
ޓ,ԏ˂炢,_,ml,082325,錧,_s,,2021-07-02,18,̑̏ZiRKĈȉZj,ԁiցj,{,Ȃ
ޓ,ԏ˂炢,_,ml,082325,錧,_s,,2021-07-21,18,̑̏ZiRKĈȉZj,ԁiցj,{,
ޓ,ԏ˂炢,_,_Vr,082325,錧,_s,,2021-07-04,04,ˌZ,ԁiցj,{,Ȃ
ޓ,ԏ˂炢,_,_Vr,082325,錧,_s,,2021-11-16,10,ˌZ,ԁiցj,{,
ޓ,ԏ˂炢,_,_Vr,082325,錧,_s,쌴P,2021-07-23,13,H,̑,{,Ȃ
ޓ,ԏ˂炢,_,_Vr,082325,錧,_s,쌴P,2021-12-04,10,̑̏ZiRKĈȉZj,ԁiցj,{,
ޓ,ԏ˂炢,_,_Vr,082325,錧,_s,,2021-07-20,00,H,̑,{,Ȃ
ޓ,ԏ˂炢,_,_Vr,082325,錧,_s,؍,2021-05-27,05,H,̑,{,Ȃ
ޓ,ԏ˂炢,_,_Vr,082325,錧,_s,؍,2021-07-24,14,̑,ԁiցj,{,Ȃ
ޓ,ԏ˂炢,_,_Vr,082325,錧,_s,l,2021-07-30,17,ˌZ,ԁiցj,{,
ޓ,ԏ˂炢,_,_Vr,082325,錧,_s,,2021-01-02,22,̑̏ZiRKĈȉZj,ԁiցj,{,
ޓ,ԏ˂炢,_,_Vr,082325,錧,_s,[,2021-07-19,17,̑,ԁiցj,{,Ȃ
ޓ,ԏ˂炢,,Ζkx@Z^[ݒn,082201,錧,Ύs,k,2021-07-25,09,̑,ԁiցj,{,
ޓ,ԏ˂炢,,ΉwO,082201,錧,Ύs,ȂQ,2021-10-08,15,ԁiցj,ԁiցj,{,Ȃ
ޓ,ԏ˂炢,,ΉwO,082201,錧,Ύs,ȂR,2021-10-23,12,̑̏ZiRKĈȉZj,ԁiցj,{,
ޓ,ԏ˂炢,,ΉwO,082201,錧,Ύs,VvۂP,2021-05-08,14,ԁiցj,ԁiցj,{,Ȃ
ޓ,ԏ˂炢,,ΉwO,082201,錧,Ύs,VvۂQ,2021-09-05,19,SKĈȏ㋤Z,ԁiցj,{,
ޓ,ԏ˂炢,,ΉwO,082201,錧,Ύs,VvۂR,2021-07-07,23,̑̏ZiRKĈȉZj,ԁiցj,{,
ޓ,ԏ˂炢,,ΉwO,082201,錧,Ύs,|Q,2021-05-07,18,̑,ԁiցj,{,Ȃ
ޓ,ԏ˂炢,,ΉwO,082201,錧,Ύs,|Q,2021-07-28,21,ԁiցj,ԁiցj,{,Ȃ
ޓ,ԏ˂炢,,ΉwO,082201,錧,Ύs,tP,2021-09-10,19,̑,ԁiցj,{,Ȃ
ޓ,ԏ˂炢,,ΉwO,082201,錧,Ύs,tS,2021-02-09,22,̑̏ZiRKĈȉZj,ԁiցj,{,
ޓ,ԏ˂炢,,ΉwO,082201,錧,Ύs,tS,2021-05-08,23,̑̏ZiRKĈȉZj,ԁiցj,{,
ޓ,ԏ˂炢,,ΉwO,082201,錧,Ύs,tS,2021-08-11,22,SKĈȏ㋤Z,ԁiցj,{,
ޓ,ԏ˂炢,,LOwOݏ,082201,錧,Ύs,͌,2021-03-19,18,̑,ԁiցj,{,Ȃ
ޓ,ԏ˂炢,,LOwOݏ,082201,錧,Ύs,^,2021-02-20,16,̑,̑,{,
ޓ,ԏ˂炢,,LOwOݏ,082201,錧,Ύs,^,2021-03-18,18,ˌZ,ԁiցj,{,Ȃ
ޓ,ԏ˂炢,,،,082201,錧,Ύs,L,2021-01-27,20,̑̏ZiRKĈȉZj,ԁiցj,{,Ȃ
ޓ,ԏ˂炢,,،,082201,錧,Ύs,L,2021-01-23,13,̑,ԁiցj,{,
ޓ,ԏ˂炢,,،,082201,錧,Ύs,L,2021-04-16,08,̑,ԁiցj,{,Ȃ
ޓ,ԏ˂炢,,،,082201,錧,Ύs,猻P,2021-12-28,23,̑̏ZiRKĈȉZj,ԁiցj,{,Ȃ
ޓ,ԏ˂炢,,gݏ,082201,錧,Ύs,g,2021-06-02,17,ˌZ,ԁiցj,{,Ȃ
ޓ,ԏ˂炢,,gݏ,082201,錧,Ύs,v,2021-04-08,16,̑,ԁiցj,{,Ȃ
ޓ,ԏ˂炢,,cݏ,082201,錧,Ύs,`,2020-01-01,19,̑,ԁiցj,{,Ȃ
ޓ,ԏ˂炢,,cݏ,082201,錧,Ύs,ac,2021-10-12,06,̑,ԁiցj,{,
ޓ,ԏ˂炢,,,082201,錧,Ύs,̋{P,2021-12-28,11,ԁiցj,ԁiցj,{,Ȃ
ޓ,ԏ˂炢,,,082201,錧,Ύs,̋{R,2021-12-28,22,̑̏ZiRKĈȉZj,ԁiցj,{,
ޓ,ԏ˂炢,,,082201,錧,Ύs,̋{R,2021-12-28,23,̑̏ZiRKĈȉZj,ԁiցj,{,
ޓ,ԏ˂炢,,,082201,錧,Ύs,̋{S,2021-01-10,22,SKĈȏ㋤Z,ԁiցj,{,Ȃ
ޓ,ԏ˂炢,,,082201,錧,Ύs,̋{S,2021-12-28,20,̑̏ZiRKĈȉZj,ԁiցj,{,
ޓ,ԏ˂炢,,,082201,錧,Ύs,V,2021-04-18,21,̑,ԁiցj,{,Ȃ
ޓ,ԏ˂炢,,,082201,錧,Ύs,P,2021-01-31,09,̑,ԁiցj,{,Ȃ
ޓ,ԏ˂炢,,,082201,錧,Ύs,R,2021-07-06,19,̑̏ZiRKĈȉZj,ԁiցj,{,Ȃ
ޓ,ԏ˂炢,,,082201,錧,Ύs,,2021-01-10,20,̑̏ZiRKĈȉZj,ԁiցj,{,Ȃ
ޓ,ԏ˂炢,,č蒓ݏ,082201,錧,Ύs,×,2021-02-02,19,̑,ԁiցj,{,Ȃ
ޓ,ԏ˂炢,,č蒓ݏ,082201,錧,Ύs,R,2021-08-04,07,̑,ԁiցj,{,Ȃ
ޓ,ԏ˂炢,,w,082201,錧,Ύs,,2021-06-21,18,̑,ԁiցj,{,
ޓ,ԏ˂炢,,w,082201,錧,Ύs,w̐XR,2021-12-29,15,̑,ԁiցj,{,Ȃ
ޓ,ԏ˂炢,,w,082201,錧,Ύs,wP,2021-06-22,18,̑̏ZiRKĈȉZj,ԁiցj,{,
ޓ,ԏ˂炢,,w,082201,錧,Ύs,wQ,2021-04-27,17,SKĈȏ㋤Z,ԁiցj,{,Ȃ
ޓ,ԏ˂炢,,},082201,錧,Ύs,v,2020-12-26,14,̑,ԁiցj,{,
ޓ,ԏ˂炢,,},082201,錧,Ύs,v,2021-02-25,12,ˌZ,ԁiցj,{,Ȃ
ޓ,ԏ˂炢,,},082201,錧,Ύs,,2021-08-16,16,ˌZ,ԁiցj,{,
ޓ,ԏ˂炢,,s,082201,錧,Ύs,P,2021-01-14,22,̑̏ZiRKĈȉZj,ԁiցj,{,Ȃ
ޓ,ԏ˂炢,,s,082201,錧,Ύs,P,2021-05-12,20,̑̏ZiRKĈȉZj,ԁiցj,{,
ޓ,ԏ˂炢,,s,082201,錧,Ύs,׌,2021-06-08,23,̑,ԁiցj,{,Ȃ
ޓ,ԏ˂炢,,Jcn,082201,錧,Ύs,㉡,2021-01-09,10,ԁiցj,ԁiցj,{,
ޓ,ԏ˂炢,,Jcn,082201,錧,Ύs,㉡,2021-02-05,18,̑,ԁiցj,{,Ȃ
ޓ,ԏ˂炢,,Jcn,082201,錧,Ύs,㉡,2021-05-19,20,̑,ԁiցj,{,Ȃ
ޓ,ԏ˂炢,,Jcn,082201,錧,Ύs,Jc,2021-03-01,14,̑,ԁiցj,{,
ޓ,ԏ˂炢,,Jcn,082201,錧,Ύs,Jc,2021-03-17,18,ˌZ,ԁiցj,{,Ȃ
ޓ,ԏ˂炢,,Jcn,082201,錧,Ύs,Jc,2021-03-31,19,̑̏ZiRKĈȉZj,ԁiցj,{,Ȃ
ޓ,ԏ˂炢,,Jcn,082201,錧,Ύs,Jc,2021-03-31,22,̑̏ZiRKĈȉZj,ԁiցj,{,
ޓ,ԏ˂炢,,Jcn,082201,錧,Ύs,Jc,2021-03-31,22,̑̏ZiRKĈȉZj,ԁiցj,{,Ȃ
ޓ,ԏ˂炢,,Jcn,082201,錧,Ύs,Jc,2021-05-06,20,̑̏ZiRKĈȉZj,ԁiցj,{,Ȃ
ޓ,ԏ˂炢,,Jcn,082201,錧,Ύs,Jc,2021-07-29,22,ˌZ,ԁiցj,{,Ȃ
ޓ,ԏ˂炢,,Jcn,082201,錧,Ύs,Jc,2021-10-29,19,̑̏ZiRKĈȉZj,ԁiցj,{,
ޓ,ԏ˂炢,,Jcn,082201,錧,Ύs,݂ǂ̂P,2021-10-19,16,ԁiցj,ԁiցj,{,Ȃ
ޓ,ԏ˂炢,,Jcn,082201,錧,Ύs,݂ǂ̂P,2021-11-01,23,ˌZ,ԁiցj,{,
ޓ,ԏ˂炢,,Jcn,082201,錧,Ύs,݂ǂ̂Q,2021-05-27,01,ˌZ,ԁiցj,{,
ޓ,ԏ˂炢,,Jcn,082201,錧,Ύs,݂ǂ̓,2021-10-29,19,̑̏ZiRKĈȉZj,ԁiցj,{,
ޓ,ԏ˂炢,,Jcn,082201,錧,Ύs,݂ǂ̓,2021-10-29,23,̑̏ZiRKĈȉZj,ԁiցj,{,
ޓ,ԏ˂炢,,Jcn,082201,錧,Ύs,w,2021-10-30,01,̑̏ZiRKĈȉZj,ԁiցj,{,Ȃ
ޓ,ԏ˂炢,,Lݏ,082201,錧,Ύs,,2021-01-31,16,̑,ԁiցj,{,Ȃ
ޓ,ԏ˂炢,,Lݏ,082201,錧,Ύs,P,2021-07-03,22,ˌZ,ԁiցj,{,Ȃ
ޓ,ԏ˂炢,,Lݏ,082201,錧,Ύs,Vc,2021-06-25,06,ԁiցj,ԁiցj,{,
ޓ,ԏ˂炢,,Lݏ,082201,錧,Ύs,,2021-03-28,11,ˌZ,ԁiցj,{,Ȃ
ޓ,ԏ˂炢,,Lݏ,082201,錧,Ύs,΃PP,2021-06-24,18,̑,̑,{,Ȃ
ޓ,ԏ˂炢,,Lݏ,082201,錧,Ύs,L̓mQ,2021-09-10,15,̑,̑,{,Ȃ
ޓ,ԏ˂炢,,Ԓˌ,082201,錧,Ύs,~Q,2021-01-14,07,ˌZ,ԁiցj,{,Ȃ
ޓ,ԏ˂炢,,Ԓˌ,082201,錧,Ύs,~Q,2021-05-14,19,̑,ԁiցj,{,Ȃ
ޓ,ԏ˂炢,,Ԓˌ,082201,錧,Ύs,Ԓ,2021-09-24,19,̑,ԁiցj,{,Ȃ
ޓ,ԏ˂炢,,Ԓˌ,082201,錧,Ύs,בO,2021-10-20,13,ԁiցj,ԁiցj,{,Ȃ
ޓ,ԏ˂炢,,Ԓˌ,082201,錧,Ύs,בO,2021-10-20,22,̑̏ZiRKĈȉZj,ԁiցj,{,Ȃ
ޓ,ԏ˂炢,,Ԓˌ,082201,錧,Ύs,R,2021-07-16,22,̑̏ZiRKĈȉZj,ԁiցj,{,Ȃ
ޓ,ԏ˂炢,,Ԓˌ,082201,錧,Ύs,쒆,2021-02-05,10,̑,ԁiցj,{,Ȃ
